Fragmento,Codigo,Categoria,Requisito_derivado,ID_evidencia,Analista_codificador
"Por medio de hojas de historial clínico, tanto físicos... Se usa un pequeño software veterinario, pero es como para lo básico, ingresar el paciente, motivo de consulta y todo eso. Solo los datos del paciente.",Historial mixto físico-digital básico,Historia clínica,"El sistema deberá permitir registrar el historial clínico completo del paciente (motivo de consulta, diagnósticos y tratamientos) de forma digital y centralizada.",P01,Equipo SGCV-IA
"Claro que te demora más buscando el nombre del paciente... el software solamente es básico. Entonces, le permite solamente ver el nombre de edad y razones anteriores de consulta. Más los tratamientos completos cuando están en las carpetas físicas.",Demora en búsqueda de historial,Historia clínica,"El sistema deberá permitir buscar y consultar rápidamente el historial clínico completo, incluyendo los tratamientos, mediante el nombre del paciente.",P01,Equipo SGCV-IA
"Cuando no está la secretaria, suelo demorarme más porque tengo yo que hacer el trabajo de la secretaria, de despachar, coger datos para facturación.",Sobrecarga en facturación sin personal,Facturación,El sistema deberá agilizar el proceso de despacho de productos y facturación para reducir el tiempo requerido cuando no hay personal administrativo disponible.,P01,Equipo SGCV-IA
"El inventario una vez a la semana, todos los sábados. Se lleva un control físico y también por el sistema de facturación.",Control de inventario semanal manual,Inventario,El sistema deberá permitir el registro y control periódico del inventario de medicamentos e insumos.,P01,Equipo SGCV-IA
"Por lo general no se hace con cita previa. O sea, sí es rara vez... pero por lo general llegan y es cita previa. Llegan, esperan.",Atención con y sin cita previa,Citas,El sistema deberá permitir gestionar tanto la atención con cita previa como la atención por orden de llegada.,P01,Equipo SGCV-IA
Por vía WhatsApp y por próxima citación. Entonces yo igual hago el seguimiento de mis pacientes.,Comunicación vía WhatsApp,Comunicación,El sistema deberá permitir registrar y gestionar el seguimiento de pacientes y la comunicación con los propietarios mediante recordatorios de citas.,P01,Equipo SGCV-IA
"Entonces cambia dependiendo de la patología que le presente el paciente. Por ejemplo, enfermedades renales... dos veces a la semana. Cuando son menos complicadas, una vez a la semana.",Seguimiento clínico variable según patología,Historia clínica,El sistema deberá permitir configurar frecuencias de control y seguimiento personalizadas según la patología de cada paciente.,P01,Equipo SGCV-IA
Creo que será en un 30 o un 40%. Lamentablemente.,Bajo cumplimiento de indicaciones médicas,Comunicación,"El sistema deberá enviar recordatorios automáticos a los propietarios sobre las indicaciones médicas (medicación, dieta, controles) para mejorar su cumplimiento.",P01,Equipo SGCV-IA
"No lo hago sin verlo físicamente. Tengo que verle al paciente primero... tráiganme al paciente, yo chequeo, reviso.",Diagnóstico remoto no aceptado sin evaluación física,Inteligencia Artificial,El sistema no deberá sustituir la evaluación física del paciente por recomendaciones remotas automatizadas de ajuste de tratamiento.,P01,Equipo SGCV-IA
"Ahorita te facilita mucho realmente la tecnología, pones el medicamento y te reajusta dosis con el peso, sin yo necesitar hacer todo el cálculo físico.",Cálculo asistido de dosis por peso,Inteligencia Artificial,El sistema deberá incluir una función de cálculo automático de dosis de medicamentos en función del peso del paciente.,P01,Equipo SGCV-IA
Medianamente de acuerdo... en estas cosas de medicina yo siempre digo que es importantísimo valorar al paciente.,Aceptación moderada de IA diagnóstica,Inteligencia Artificial,"El sistema de IA deberá presentar sugerencias diagnósticas como apoyo complementario, sin reemplazar la valoración clínica del veterinario.",P01,Equipo SGCV-IA
"La ley administrativa. Todo lo que es facturación, metas, inventario. Para mí eso es tedioso... es lo que más me lleva tiempo, más me lleva estrés.",Carga administrativa alta,Administración,El sistema deberá automatizar tareas administrativas (facturación e inventario) para reducir la carga de trabajo del veterinario.,P01,Equipo SGCV-IA
"Tengo que, primero, vaya respaldado, realizado en un periodo con un médico veterinario, antes de yo realizar una sugerencia que me da la inteligencia artificial.",Validación profesional previa a aplicar sugerencias de IA,Inteligencia Artificial,El sistema deberá requerir validación del veterinario antes de aplicar cualquier sugerencia generada por el módulo de IA.,P01,Equipo SGCV-IA
"Que si le dí en retrasor, que si le dí en constipina, que si le dí en terogramina. Esos son los propósitos.",Registro detallado de medicamentos administrados,Historia clínica,El sistema deberá registrar de forma detallada todos los medicamentos y tratamientos administrados a cada paciente en cada consulta.,P01,Equipo SGCV-IA
"Que todo el equipo de experticia que equipaba una secretaria, también utilice la herramienta.",Adopción por todo el equipo de la clínica,Usabilidad,El sistema deberá ser utilizable tanto por el personal veterinario como por el personal administrativo de la clínica.,P01,Equipo SGCV-IA
"No, una tablet sería lo más útil. Una tablet.",Preferencia de dispositivo tipo tablet,Usabilidad,El sistema deberá ser compatible y estar optimizado para su uso en dispositivos tipo tablet.,P01,Equipo SGCV-IA
"La plataforma se llama PECACMICS... se puede registrar cualquier cuestión de agendar cita, inventario, también se puede agendar la cuestión de fichas médicas.",Uso de plataforma veterinaria integral,Historia clínica,"El sistema deberá integrar en una sola plataforma la gestión de citas, inventario y fichas médicas.",P02,Equipo SGCV-IA
"Si usted escribe algo mal... la M no le va a salir, no va a salir. O le van a salir varios, o a veces se le confunde con una S.",Búsqueda sensible a errores tipográficos,Historia clínica,El sistema deberá contar con un buscador tolerante a errores tipográficos para localizar registros de pacientes.,P02,Equipo SGCV-IA
Hay que ponerse el dato para poder generar la consulta.,Dependencia de datos completos para generar consulta,Facturación,El sistema deberá validar que los datos necesarios del paciente estén completos antes de generar la consulta o factura.,P02,Equipo SGCV-IA
"Va a perjudicar, uno, en la información económica del ingreso, y dos, también... porque hay que preparar dos citas para ese paciente, ahí deja a otro paciente que no pueda.",Impacto económico de inasistencias a citas,Citas,El sistema deberá permitir gestionar listas de espera o reprogramación de citas para reducir el impacto de las cancelaciones e inasistencias.,P02,Equipo SGCV-IA
"La AIM, como está en inventario, si la AIM está en la plataforma, tienes opción de poder hacerlo en inventario, efectivamente.",Control de inventario mediante plataforma,Inventario,"El sistema deberá permitir el control del inventario de medicamentos, incluyendo el registro de fechas de vencimiento.",P02,Equipo SGCV-IA
"Nosotros lo ponemos exactamente en forma física, que me refiero, que son las cartillas... cada consulta que viene se hace el control del peso.",Registro de peso en cartillas físicas,Historia clínica,El sistema deberá permitir digitalizar el registro de peso y estado nutricional en cada consulta para su seguimiento histórico.,P02,Equipo SGCV-IA
"No estoy de acuerdo, porque igual, yo sé que es difícil como tal dar una guía... pero no sería correcto, porque igual cambia siempre, todo de forma diferente, a varios parámetros.",Desacuerdo con diagnóstico automatizado,Inteligencia Artificial,"El sistema de IA deberá limitarse a ofrecer sugerencias generales, dejando el diagnóstico final a criterio del veterinario según los parámetros clínicos observados.",P02,Equipo SGCV-IA
Cuando tengo que hacer una cita que le escribo a un paciente y le avisa... sería muy bueno para el veterinario. Apoyar frecuentemente al guía que directamente le ayude en esa cuestión.,Automatización de recordatorios de citas,Citas,El sistema deberá enviar recordatorios automáticos de citas a los propietarios de las mascotas.,P02,Equipo SGCV-IA
Primero la cuestión de los datos de los pacientes que tienen que estar protegidas. Y la cuestión está de también medios de soporte.,Prioridad en protección de datos y soporte técnico,Seguridad,El sistema deberá garantizar la protección de los datos de los pacientes y ofrecer soporte técnico disponible.,P02,Equipo SGCV-IA
"Puede ser, como te mencionaba, la cuestión de agendar las citas o hacer los recordatorios... a veces uno no puede estar pendiente de esa cuestión.",Prioridad en agenda y recordatorios automáticos,Citas,El sistema deberá priorizar la gestión de la agenda de citas y el envío de recordatorios automáticos a los propietarios.,P02,Equipo SGCV-IA
"Yo diría que en cualquier dispositivo, pero si estamos... por lo general, si le pegamos a la mano el teléfono, el teléfono nos ayuda para hacer unos cientos de cosas.",Preferencia de acceso móvil,Usabilidad,El sistema deberá ser accesible y responsivo desde dispositivos móviles (smartphone).,P02,Equipo SGCV-IA
"Mediante Word. Sí, guardo documentos de Word y los guardo. Historia clínica y el nombre de las propietarias.",Historial clínico en documentos de Word,Historia clínica,El sistema deberá reemplazar el registro en documentos de texto por un módulo estructurado de historia clínica digital.,P03,Equipo SGCV-IA
"Guardar muchos documentos hace que tenga que buscarlo manualmente, se podría decir, y toma tiempo.",Búsqueda manual lenta del historial,Historia clínica,El sistema deberá permitir la búsqueda rápida y automatizada del historial clínico del paciente.,P03,Equipo SGCV-IA
"No llevo inventario. Porque trabajamos solo dos, somos parejas y por eso confiamos en la clínica.",Ausencia de control de inventario formal,Inventario,El sistema deberá ofrecer un módulo de inventario simple y de fácil adopción para clínicas pequeñas con poco personal.,P03,Equipo SGCV-IA
"Si son cachorros, nosotros hacemos un cronograma... la primera cita la tienen en el día 10, la segunda en el día 21, la tercera en el mes y medio.",Cronograma de seguimiento de cachorros,Historia clínica,"El sistema deberá permitir configurar cronogramas de seguimiento (peso, talla) según la edad y etapa del paciente.",P03,Equipo SGCV-IA
"Nosotros hacemos chequeos todos los días, una vez que salen de la veterinaria, mediante mensajes de texto, llamadas o videollamadas.",Seguimiento post-alta intensivo,Comunicación,El sistema deberá permitir registrar y programar seguimientos posteriores al alta médica mediante mensajería o videollamadas.,P03,Equipo SGCV-IA
Totalmente de acuerdo.,Alta aceptación de IA diagnóstica,Inteligencia Artificial,El sistema deberá incorporar un módulo de IA que sugiera posibles diagnósticos basados en los datos clínicos del paciente.,P03,Equipo SGCV-IA
"El chequeo de los pacientes hospitalizados, eso es lo que hay que estar casi 100% enfocado en esto, el desgaste mental es bastante considerado.",Carga de monitoreo de pacientes hospitalizados,Rendimiento,El sistema deberá incluir alertas y registros automatizados de signos vitales para apoyar el monitoreo de pacientes hospitalizados.,P03,Equipo SGCV-IA
Que el veterinario pueda realizar todas las recomendaciones a la hora. Esta es la verdad.,Revisión veterinaria de sugerencias de IA,Inteligencia Artificial,El sistema deberá permitir al veterinario revisar y corregir las sugerencias generadas por la IA antes de aplicarlas.,P03,Equipo SGCV-IA
Me gustaría tener un programa para poder llevar el historial clínico.,Prioridad en historial clínico digital,Historia clínica,El sistema deberá priorizar la implementación de un módulo de historial clínico digital con búsqueda rápida.,P03,Equipo SGCV-IA
"Yo creo que en cualquier dispositivo, porque a veces estamos pendientes del teléfono, a veces estamos pendientes del laptop.",Acceso multiplataforma,Usabilidad,"El sistema deberá ser accesible desde múltiples tipos de dispositivos (computadora, tablet, móvil).",P03,Equipo SGCV-IA
El historial clínico y todo lo que contiene el historial clínico lo tenemos en la aplicación de Microsoft. Ahí estamos revisando todo.,Historial en aplicaciones ofimáticas,Historia clínica,El sistema deberá reemplazar el uso de aplicaciones ofimáticas genéricas por un módulo especializado de historia clínica.,P04,Equipo SGCV-IA
Más que nada el hecho de que no está bien hecho el tema de buscar por nombre... No está bien organizado.,Búsqueda desorganizada del historial,Historia clínica,El sistema deberá permitir búsquedas organizadas y estructuradas de pacientes por nombre u otros criterios.,P04,Equipo SGCV-IA
"Se hace por un programa en línea, pero demora en abrirse, ingresar al cliente, ingresar el producto, ingresar lo que se ha hecho y todo eso.",Demora en el sistema de facturación,Rendimiento,El sistema deberá optimizar los tiempos de respuesta del proceso de facturación.,P04,Equipo SGCV-IA
"Tenemos un programa de facturación donde está todo el producto, pero la parte del vencimiento no se puede iniciar... Tengo que manualmente estar revisando uno a uno.",Falta de alertas de vencimiento en el sistema actual,Inventario,El sistema deberá generar alertas automáticas sobre productos próximos a vencer.,P04,Equipo SGCV-IA
Sí hay una frecuencia moderada de inasistencias... no se sabe cuál es la evolución del paciente y no se sabe cómo va.,Pérdida de seguimiento por inasistencias a citas,Citas,El sistema deberá registrar el estado de seguimiento de los pacientes que no asisten a citas de control.,P04,Equipo SGCV-IA
Los resultados de exámenes se los enviamos directamente por WhatsApp.,Envío de resultados por WhatsApp,Comunicación,El sistema deberá permitir el envío digital de resultados de exámenes y recordatorios a los propietarios.,P04,Equipo SGCV-IA
"Aunque la máquina te pueda decir diagnóstico, hay que ver también si es realmente ese o no.",Validación humana del diagnóstico sugerido por IA,Inteligencia Artificial,El sistema de IA deberá presentar sugerencias diagnósticas sujetas a confirmación obligatoria por parte del veterinario.,P04,Equipo SGCV-IA
"Sería la facilidad de utilizarla, que sea portable, que pueda utilizar tanto el teléfono como la computadora.",Portabilidad multiplataforma,Usabilidad,El sistema deberá ser fácil de usar y compatible tanto con teléfono como con computadora.,P04,Equipo SGCV-IA
Falta de información de los propietarios de los animalitos... por último ya van en la última instancia a buscar un veterinario.,Falta de información inicial del propietario,Gestión de pacientes,"El sistema deberá permitir capturar información completa del propietario y la mascota desde el primer contacto, incluso de manera progresiva.",P05,Equipo SGCV-IA
Siempre suele pasar en el asunto de los productos que se caducan por falta de precaución... No tengo algún inventario definido como para llevar el control automático.,Ausencia de inventario formal y caducidad no controlada,Inventario,El sistema deberá ofrecer un módulo de control de inventario con alertas de caducidad de productos.,P05,Equipo SGCV-IA
"Bueno, primeramente mediante la telefonía celular y también próximas citas.",Comunicación telefónica y recordatorio de citas,Comunicación,El sistema deberá gestionar recordatorios de próximas citas mediante notificaciones al propietario.,P05,Equipo SGCV-IA
"No, al menos personalmente no utilizo ningún tipo de software.",Sin uso de software especializado,Usabilidad,El sistema deberá ser de fácil adopción para usuarios sin experiencia previa en herramientas digitales.,P05,Equipo SGCV-IA
"Yo confianza moderada porque no se parecen los diagnósticos, ya todo es en la práctica, viendo al paciente, viendo en directo cómo son las cosas.",Confianza moderada en IA diagnóstica,Inteligencia Artificial,El sistema deberá presentar las recomendaciones de IA como apoyo complementario a la evaluación presencial del veterinario.,P05,Equipo SGCV-IA
Una base de datos que le ayude a uno a llevar la contabilidad del negocio.,Necesidad de módulo contable,Facturación,El sistema deberá incluir un módulo de registro contable/financiero del negocio.,P05,Equipo SGCV-IA
"Que sea fácil de usar. El acceso, primeramente, y de bajo valor económico.",Facilidad de uso y bajo costo como criterio de adopción,Usabilidad,El sistema deberá ser económicamente accesible y de interfaz simple para facilitar su adopción.,P05,Equipo SGCV-IA
"Si llega por el caso de abandonamiento, que no nos digan cuál fue el motivo, qué estuvo haciendo el perro, edad... o sea nos mienten en algún dato.",Datos incompletos o inexactos del paciente,Gestión de pacientes,"El sistema deberá permitir registrar información parcial o estimada del paciente cuando no se disponga de datos completos, como en casos de animales rescatados.",P06,Equipo SGCV-IA
Los cobros... mediante el facturador SRI.,Facturación electrónica mediante SRI,Facturación,El sistema deberá integrarse con el facturador electrónico del SRI para el registro de cobros.,P06,Equipo SGCV-IA
"Con productos vencidos casi no tanto porque las mismas empresas nos mandan la fecha de caducidad, entonces de ahí por faltantes a veces sí, pero es por falta de pedidos.",Faltantes de inventario por logística de pedidos,Inventario,El sistema deberá generar alertas de stock mínimo para anticipar la reposición de pedidos.,P06,Equipo SGCV-IA
"Manual, o a veces sí los registramos y estamos viendo en Excel.",Control de inventario mediante Excel,Inventario,El sistema deberá reemplazar el uso de hojas de cálculo externas por un módulo integrado de control de inventario.,P06,Equipo SGCV-IA
Controlando el peso siempre lo dejamos en el canal y aparte en la ficha médica que nos lleva.,Registro de peso en fichas físicas,Historia clínica,El sistema deberá digitalizar el registro histórico de peso del paciente dentro de la ficha médica.,P06,Equipo SGCV-IA
"Muy poco siguen las recomendaciones... nos damos cuenta en la limpieza del herido, una herida infectada o un animal que no ha estado bien.",Bajo cumplimiento detectado tardíamente,Comunicación,El sistema deberá enviar recordatorios de cuidados post-consulta para mejorar el cumplimiento de las indicaciones médicas.,P06,Equipo SGCV-IA
"Tal vez médicas, recordar tareas médicas.",Necesidad de recordatorios de tareas médicas,Citas,"El sistema deberá generar recordatorios automáticos de tareas médicas pendientes, como vacunas o controles.",P06,Equipo SGCV-IA
La de que el veterinario pueda revisar y corregir... Las actualizaciones periódicas.,Condiciones de confianza en IA: revisión y actualizaciones,Inteligencia Artificial,"El sistema deberá permitir la revisión y corrección de las sugerencias de IA por parte del veterinario, y contar con actualizaciones periódicas.",P06,Equipo SGCV-IA
Registrar al paciente... llevar un control de vacunas. Hablaba mucho de esto de los recordatorios de vacunas... cuando ya esté cerca de la hora de la vacuna le mande a la doctora.,Prioridad en control y recordatorio de vacunas,Historia clínica,El sistema deberá gestionar el registro de vacunación y enviar recordatorios automáticos al aproximarse la fecha de la siguiente dosis.,P06,Equipo SGCV-IA
El precio.,Costo como barrera de adopción,Administración,El sistema deberá ofrecer un modelo de costos accesible que facilite su adopción por clínicas pequeñas.,P06,Equipo SGCV-IA
"Fichas críticas que están impresas y las llenamos... no, todas las tienen ahí (no guardadas en la nube).",Fichas físicas sin respaldo digital,Historia clínica,El sistema deberá digitalizar y almacenar en la nube las fichas clínicas de los pacientes.,P07,Equipo SGCV-IA
"Muchas veces los tutores están muy acelerados porque el animal está muy enfermo, entonces no nos responden las preguntas.",Información incompleta del propietario durante urgencias,Gestión de pacientes,"El sistema deberá permitir el registro rápido de datos parciales del paciente durante situaciones de urgencia, completables posteriormente.",P07,Equipo SGCV-IA
"Nombre, peso, edad, si está esterilizado, si está vacunado, para qué vino, motivo de consulta y los datos del propietario.",Campos estándar de ficha clínica,Historia clínica,"El sistema deberá incluir un formulario estructurado de ficha clínica con campos estándar: nombre, peso, edad, esterilización, vacunación, motivo de consulta y datos del propietario.",P07,Equipo SGCV-IA
"A veces envían una foto y dice, doctor esto sí, pero uno no puede ver qué es lo que tiene. No puede saber si ese medicamento le vaya a servir.",Limitación del diagnóstico remoto mediante fotos,Inteligencia Artificial,"El sistema podrá incorporar un módulo de envío de imágenes como apoyo preliminar, sin sustituir la evaluación presencial del veterinario.",P07,Equipo SGCV-IA
Tal vez el seguimiento de los pacientes que se consigue en la casa.,Necesidad de seguimiento domiciliario,Historia clínica,El sistema deberá permitir registrar y monitorear el seguimiento de pacientes en tratamiento domiciliario.,P07,Equipo SGCV-IA
"Podría ser recordatorios a los dueños... sería como un sistema de notificaciones que le notifica a los dueños que en tal día, a tal hora, tienen que llevar a su mascota para la vacuna.",Prioridad en notificaciones de vacunación,Citas,El sistema deberá enviar notificaciones automáticas a los propietarios sobre fechas de vacunación programadas.,P07,Equipo SGCV-IA
Que sea una herramienta segura... que no tengan muchos errores.,Requisito de seguridad y estabilidad,Seguridad,El sistema deberá garantizar altos niveles de seguridad y estabilidad operativa para evitar fallos en el servicio.,P07,Equipo SGCV-IA
La laptop o el celular. Aquí como doctor... se usa más.,Preferencia de acceso vía laptop y celular,Usabilidad,El sistema deberá ser compatible con el acceso desde laptop y teléfono móvil.,P07,Equipo SGCV-IA
"Sí he tenido problemas por productos vencidos... sí sirve para el inventario, pero a veces no revisamos a tiempo.",Falta de revisión oportuna del inventario,Inventario,El sistema deberá enviar notificaciones automáticas (alarmas) de productos próximos a vencer.,P08,Equipo SGCV-IA
"El software nos envía una alarma cuando tenemos que llamarlos a próxima cita. Por ejemplo, ponemos una venta de días y el software nos avisa la cita de hoy.",Alarma de próxima cita ya existente,Citas,El sistema deberá mantener y mejorar el envío automático de alertas de próximas citas a los propietarios.,P08,Equipo SGCV-IA
Los consultas en cachorro son generalmente cada 21 días. En cada cita se le pesa. Se hace un estado de valoración adicional.,Control periódico de peso en cachorros,Historia clínica,El sistema deberá permitir programar controles periódicos de peso y valoración según la edad del paciente.,P08,Equipo SGCV-IA
"Cuando un propietario dice ese tipo de comentarios, le pido todos los blisters, las bolsas de alimentos que se supone que debió haber comido para corroborar si la información es verdadera.",Verificación de cumplimiento mediante evidencia física,Comunicación,El sistema podría permitir a los propietarios adjuntar evidencia fotográfica del cumplimiento de la dieta o tratamiento indicado.,P08,Equipo SGCV-IA
Lo que más me genera carga es el documento... Puede hacerlo digamos un chat inteligente que ya tenga los mensajes así para que lo pueda responder automáticamente... para generar una cita.,Automatización de mensajería para gestión de citas,Inteligencia Artificial,El sistema deberá incorporar un asistente conversacional (chatbot) para automatizar la generación de citas y respuestas frecuentes.,P08,Equipo SGCV-IA
Que las recomendaciones estén respaldadas en literatura científica veterinaria validada. Que el veterinario pueda revisar y corregir todas las sugerencias antes de aplicarlas... que los datos del paciente estén protegidos y no compartan con terceros.,"Condiciones de confianza en IA: literatura validada, revisión y protección de datos",Inteligencia Artificial,"El sistema de IA deberá basar sus recomendaciones en literatura científica veterinaria validada, permitir su revisión por el veterinario y garantizar la protección de los datos del paciente.",P08,Equipo SGCV-IA
"Que en vez de yo llegar a ver las citas pendientes de los recordatorios, ella haya enviado los mensajes. Sería convencible que tenga ya algo que automáticamente envíe los mensajes sin necesidad de prestación.",Automatización total de recordatorios de citas,Citas,El sistema deberá enviar automáticamente los recordatorios de citas a los propietarios sin requerir intervención manual del veterinario.,P08,Equipo SGCV-IA
"Generalmente, nosotros aquí somos laptops.",Preferencia de acceso vía laptop,Usabilidad,El sistema deberá ser compatible con el acceso desde computadoras laptop.,P08,Equipo SGCV-IA
"No tengo software, anoto en libreta y en el celular por Word",Registro no digitalizado en libreta física y notas de celular,Historia clínica,El sistema deberá reemplazar el registro en libretas y notas sueltas por un módulo digital de historia clínica.,P09,Marcillo (Analista Líder)
Tener historial clínico y estar buscando... te hace demorar un poco,Búsqueda lenta del historial por revisión física retrospectiva,Historia clínica,El sistema deberá permitir la búsqueda inmediata del historial clínico sin depender de revisión manual.,P09,Marcillo (Analista Líder)
"Lo hago físico, no tengo contabilidad por software... mediante un calculador nada más",Facturación completamente manual sin software,Facturación,El sistema deberá digitalizar el proceso de facturación para clínicas que hoy operan de forma completamente manual.,P09,Marcillo (Analista Líder)
No llevo inventario para que me controle... quería ver unas aplicaciones para llevar el inventario,Ausencia de inventario formal; interés inicial en digitalizarlo,Inventario,El sistema deberá ofrecer un módulo de inventario simple como puerta de entrada para clínicas sin control formal previo.,P09,Marcillo (Analista Líder)
A última hora nos cancelan... se nos queda ese espacio vacío,Impacto de cancelaciones de último momento en la agenda,Citas,El sistema deberá permitir gestionar y reasignar espacios de agenda liberados por cancelaciones tardías.,P09,Marcillo (Analista Líder)
Hay sistemas que ya vienen con un recordatorio que funciona directamente al WhatsApp,Interés en recordatorios automáticos con confirmación por WhatsApp,Citas,El sistema deberá enviar recordatorios automáticos de citas con opción de confirmación por parte del propietario.,P09,Marcillo (Analista Líder)
Permanente WhatsApp... cuando tenemos exámenes... yo lo que hago es reenviarle,Envío de resultados y seguimiento vía WhatsApp,Comunicación,El sistema deberá permitir el envío digital de resultados y seguimiento de tratamiento a los propietarios.,P09,Marcillo (Analista Líder)
"Lo manejamos con lo que es físico, con un carnet. No tenemos todavía un carnet digital","Registro de peso en carnet físico, sin versión digital",Historia clínica,El sistema deberá digitalizar el carnet de control de peso y crecimiento del paciente.,P09,Marcillo (Analista Líder)
Solo que le pasen una foto... tienen que traer al animalito... para verlo físicamente y palparlo,Diagnóstico remoto limitado a fotos; evaluación física obligatoria,Inteligencia Artificial,"El sistema podrá incorporar envío de imágenes como apoyo preliminar, sin sustituir la evaluación física del veterinario.",P09,Marcillo (Analista Líder)
"[Escala 1-5] Bueno, 4",Aceptación moderada-alta de IA diagnóstica (4/5),Inteligencia Artificial,"El sistema de IA deberá presentar sugerencias diagnósticas de apoyo, consistente con niveles de aceptación moderados-altos entre veterinarios.",P09,Marcillo (Analista Líder)
"Yo ya trabajé con algo, un software digital en una clínica anterior... sí las manejé",Experiencia previa positiva con software veterinario,Usabilidad,El sistema deberá aprovechar la familiaridad previa de algunos usuarios con herramientas similares para facilitar la adopción.,P09,Marcillo (Analista Líder)
Sería una computadora... también el teléfono. Uno lo maneja diario,Preferencia de acceso vía computadora y teléfono móvil,Usabilidad,El sistema deberá ser accesible tanto desde computadora como desde teléfono móvil.,P09,Marcillo (Analista Líder)
"Actualmente utilizamos principalmente registros digitales, aunque todavía conservamos algunos documentos físicos",Registro clínico mixto digital-físico con anotaciones diferidas,Historia clínica,El sistema deberá centralizar en un solo lugar los registros hoy divididos entre digital y físico.,P10,Marcillo (Analista Líder)
Nos hace difícil localizar rápidamente antecedentes como tratamientos anteriores y resultados de exámenes,Dificultad para localizar antecedentes rápidamente,Historia clínica,"El sistema deberá permitir la localización inmediata de antecedentes, tratamientos y resultados previos.",P10,Marcillo (Analista Líder)
Los errores pueden aparecer... cuando hay que comprobar manualmente todo lo que ya ha sido incluido,Errores de facturación por comprobación manual de procedimientos múltiples,Facturación,El sistema deberá calcular automáticamente el total de la consulta a partir de los procedimientos y productos registrados.,P10,Marcillo (Analista Líder)
Es difícil detectar con anticipación los medicamentos que están por terminarse o próximos a vencer,Dificultad para detectar anticipadamente vencimiento/agotamiento de stock,Inventario,El sistema deberá generar alertas anticipadas de stock bajo y próximos vencimientos.,P10,Marcillo (Analista Líder)
A veces los pacientes cancelan y está ese espacio... ahí reagendamos la agenda,Reasignación de espacios de agenda tras cancelaciones,Citas,El sistema deberá permitir reasignar automáticamente espacios de agenda liberados por cancelaciones.,P10,Marcillo (Analista Líder)
"El problema es hacer el seguimiento manual con todos los pacientes, lo cual consume bastante tiempo",Seguimiento manual de pacientes vía WhatsApp y llamadas consume tiempo,Comunicación,"El sistema deberá automatizar el envío de indicaciones, resultados y recordatorios para reducir el tiempo de seguimiento manual.",P10,Marcillo (Analista Líder)
Sería una opción muy buena la inteligencia artificial para que nos ayude a no tardarnos tanto,Interés en IA como apoyo para reducir tiempo en historia clínica y tratamiento,Inteligencia Artificial,El sistema de IA deberá ayudar a reducir el tiempo dedicado a completar historias clínicas y definir tratamientos.,P10,Marcillo (Analista Líder)
Me ayudaría para comparar según mis conocimientos... comparo las dos cosas,Confianza moderada en IA como comparación con criterio propio,Inteligencia Artificial,"El sistema de IA deberá presentarse como una segunda opinión comparable con el criterio del veterinario, no como sustituto.",P10,Marcillo (Analista Líder)
Que los datos de los pacientes estén protegidos... que existan soportes técnicos y actualizaciones periódicas,Condición de confianza: protección de datos y soporte técnico,Seguridad,El sistema deberá garantizar protección de datos de pacientes y soporte técnico con actualizaciones periódicas.,P10,Marcillo (Analista Líder)
"Que permita trabajar desde la computadora, el teléfono, sin complicar el registro de información",Necesidad de acceso multiplataforma sin complicar el registro,Usabilidad,El sistema deberá ser accesible desde computadora y teléfono sin aumentar la complejidad del registro.,P10,Marcillo (Analista Líder)
"Que el sistema registre modificaciones realizadas, para conocer quién actualizó cada información",Necesidad de trazabilidad de cambios (registro de quién modificó la información),Seguridad,El sistema deberá registrar un historial de auditoría de quién modificó cada dato clínico.,P10,Marcillo (Analista Líder)
El principal inconveniente es que la información queda un poco dispersa,"Registro clínico disperso entre digital y físico, sin centralizar",Historia clínica,El sistema deberá centralizar la información hoy dispersa entre distintos formatos y responsables.,P11,Marcillo (Analista Líder)
Depende de quién atendió al paciente o de dónde quedó registrado el dato,Dificultad de consulta cuando depende de quién atendió,Historia clínica,El sistema deberá hacer que cualquier información quede accesible independientemente de quién la haya registrado.,P11,Marcillo (Analista Líder)
Los errores pueden aparecer cuando se tienen que repetir datos o se acumulan varias atenciones,Errores de facturación por repetición de datos,Facturación,El sistema deberá evitar la repetición manual de datos para reducir errores de facturación.,P11,Marcillo (Analista Líder)
También sería útil recibir una alerta cuando un medicamento esté por agotarse o vencer,Utilidad de alertas automáticas de inventario,Inventario,El sistema deberá emitir alertas automáticas de medicamentos próximos a agotarse o vencer.,P11,Marcillo (Analista Líder)
El problema es que queda un espacio libre... no siempre se logra contactar a todos los propietarios a tiempo,Pérdida de espacios de agenda por inasistencias no contactadas a tiempo,Citas,El sistema deberá automatizar el contacto con propietarios para reducir espacios de agenda perdidos.,P11,Marcillo (Analista Líder)
Sería conveniente tener un proceso más organizado porque... es fácil que alguna comunicación se retrase,Necesidad de un proceso organizado de comunicación de resultados,Comunicación,El sistema deberá centralizar y organizar el envío de resultados y recordatorios a propietarios.,P11,Marcillo (Analista Líder)
[Escala] La verdad es que estoy en 4 o 5,Alta aceptación de IA diagnóstica (4-5/5),Inteligencia Artificial,"El sistema de IA deberá ofrecer sugerencias diagnósticas, consistente con la alta aceptación expresada por veterinarios.",P11,Marcillo (Analista Líder)
No tomaría una decisión clínica importante solamente por la información recibida por mensaje,Rechazo a decisión clínica basada solo en fotos/mensajes sin evaluación presencial,Inteligencia Artificial,El sistema no deberá permitir cerrar un caso clínico relevante sin evaluación presencial confirmada por el veterinario.,P11,Marcillo (Analista Líder)
"Que sea fácil de aprender, que sea sencilla y rápida... si requiere demasiados pasos, probablemente dejarían de utilizarla",Riesgo de abandono si la herramienta requiere demasiados pasos,Usabilidad,"El sistema deberá minimizar el número de pasos requeridos para completar tareas frecuentes, para evitar el abandono de su uso.",P11,Marcillo (Analista Líder)
Que me permita tener un solo lugar de información de los pacientes y el seguimiento de las citas,Necesidad de un sistema centralizado de historial y citas,Historia clínica,El sistema deberá centralizar historial clínico y seguimiento de citas en un único módulo.,P11,Marcillo (Analista Líder)
Cuando se acumulan pacientes se vuelve más difícil manejar todo actualizando y ordenando la información,"Registro clínico mixto (sistema básico + fichas físicas), difícil de ordenar con alto volumen",Historia clínica,El sistema deberá mantener el orden del registro clínico incluso en jornadas de alto volumen de pacientes.,P12,Marcillo (Analista Líder)
"Si la información fue registrada por otro veterinario, la consulta se puede demorar",Demora en localizar antecedentes registrados por otro profesional,Historia clínica,El sistema deberá hacer accesible cualquier antecedente clínico sin importar qué profesional lo haya registrado.,P12,Marcillo (Analista Líder)
Los errores aparecen sobre todo cuando se transcribe datos manualmente o una factura incluye varios servicios,Errores de facturación por transcripción manual,Facturación,El sistema deberá eliminar la transcripción manual de datos en el proceso de facturación.,P12,Marcillo (Analista Líder)
El inventario se lleva con... una hoja de cálculo... productos con pocas unidades o cerca de vencer sin detectarlo a tiempo,"Control de inventario en hoja de cálculo externa, detección tardía",Inventario,El sistema deberá reemplazar hojas de cálculo externas por un módulo integrado con alertas de stock y vencimiento.,P12,Marcillo (Analista Líder)
Las inasistencias... afectan bastante porque dejan horarios disponibles que ya no pueden aprovecharse,Impacto de inasistencias frecuentes en horarios no aprovechables,Citas,El sistema deberá facilitar la reasignación de horarios liberados por inasistencias frecuentes.,P12,Marcillo (Analista Líder)
A veces debemos revisar notas antes de contactar al propietario,Seguimiento por WhatsApp dependiente de revisar notas previas,Comunicación,El sistema deberá centralizar las notas de seguimiento para agilizar el contacto con el propietario.,P12,Marcillo (Analista Líder)
Tener gráficas o alertas de la evolución del paciente sería muy útil,Interés en gráficas/alertas automáticas de evolución de peso,Historia clínica,El sistema deberá mostrar gráficamente la evolución de peso y estado del paciente en el tiempo.,P12,Marcillo (Analista Líder)
[Escala] 5 de 5. Está totalmente de acuerdo,Total acuerdo (5/5) con IA analizando datos clínicos para sugerir diagnóstico,Inteligencia Artificial,"El sistema de IA deberá ofrecer sugerencias diagnósticas basadas en datos clínicos, con alta aceptación entre el personal.",P12,Marcillo (Analista Líder)
"Confianza alta pero condicionada... que el veterinario pueda revisar, modificar o rechazar cualquier sugerencia",Confianza alta condicionada a revisión del veterinario,Inteligencia Artificial,"El sistema de IA deberá permitir siempre revisar, modificar o rechazar cualquier sugerencia antes de aplicarla.",P12,Marcillo (Analista Líder)
Debería tener permisos por usuario y respaldo de la información,Necesidad de permisos diferenciados por usuario y respaldo de información,Usabilidad,El sistema deberá implementar control de acceso por rol de usuario y respaldo periódico de la información.,P12,Marcillo (Analista Líder)
Un historial de comunicaciones de cada propietario,Necesidad de un historial de comunicaciones por propietario,Comunicación,El sistema deberá mantener un historial consultable de comunicaciones por cada propietario.,P12,Marcillo (Analista Líder)
Todo se anota en un solo cuaderno de consultas... no hay fichas individuales por paciente,"Registro en cuaderno único cronológico, sin fichas individuales por paciente",Historia clínica,El sistema deberá organizar el registro por paciente en lugar de por orden cronológico de llegada.,P13,Marcillo (Analista Líder)
El cuaderno es cronológico y no por paciente... hay que revisar página por página,Búsqueda página por página por registro cronológico no organizado,Historia clínica,"El sistema deberá permitir búsqueda directa por paciente, sin depender del orden cronológico del registro.",P13,Marcillo (Analista Líder)
Los montos no coinciden al final del día... toca revisar todo desde el principio,Descuadre de caja por doble registro manual separado,Facturación,El sistema deberá unificar el registro de cobro y caja para evitar descuadres por doble anotación manual.,P13,Marcillo (Analista Líder)
No hay un control formal del inventario... se revisa a ojo,"Ausencia de control formal de inventario, revisión visual",Inventario,El sistema deberá reemplazar la revisión visual de inventario por un registro formal con alertas.,P13,Marcillo (Analista Líder)
No se maneja una agenda formal... se atiende por orden de llegada,Ausencia de agenda formal de citas,Citas,El sistema deberá permitir implementar una agenda formal de citas incluso en clínicas que hoy atienden solo por orden de llegada.,P13,Marcillo (Analista Líder)
"No hay un proceso estandarizado, cada quien decide cómo comunicarse según el caso","Comunicación no estandarizada, dependiente de cada persona",Comunicación,El sistema deberá estandarizar los canales y el proceso de comunicación con los propietarios.,P13,Marcillo (Analista Líder)
Le puse el máximo porque veo mucho potencial... a que no se pasen por alto detalles importantes,"Total acuerdo (5/5) con IA diagnóstica, valorado como apoyo en formación",Inteligencia Artificial,"El sistema de IA deberá ayudar a detectar detalles clínicos relevantes, con valor especial para personal en formación.",P13,Marcillo (Analista Líder)
Sin dudarlo sería alta confianza... lo usaría como referencia directa para tomar decisiones,Alta confianza en IA como referencia directa,Inteligencia Artificial,El sistema de IA deberá poder usarse como referencia directa de apoyo a la decisión clínica.,P13,Marcillo (Analista Líder)
Que las recomendaciones estén respaldadas por literatura validada y que sea fácil de usar sin capacitación prolongada,Condiciones de confianza: literatura validada y facilidad de uso,Inteligencia Artificial,El sistema de IA deberá basar sus recomendaciones en literatura validada y ser utilizable sin capacitación prolongada.,P13,Marcillo (Analista Líder)
Preferiblemente sería en el teléfono móvil,Preferencia de acceso móvil sobre computadora,Usabilidad,El sistema deberá optimizar la experiencia de uso en dispositivos móviles.,P13,Marcillo (Analista Líder)
[Escala conectividad] Yo le pondría un 4,Alta frecuencia de cortes de conectividad (4/5),Usabilidad,El sistema deberá tolerar cortes de conectividad frecuentes sin pérdida de datos.,P13,Marcillo (Analista Líder)
"Que la herramienta permita registrar fotos del paciente: heridas, lesiones, la evolución",Registro fotográfico de evolución clínica vinculado a la ficha,Historia clínica,"El sistema deberá permitir adjuntar fotografías de evolución clínica (heridas, lesiones) directamente en la ficha del paciente.",P13,Marcillo (Analista Líder)
En algunos casos se utiliza la computadora y en otros todavía se anotan cosas en cuadernos,Registro clínico mixto computadora/físico,Historia clínica,El sistema deberá unificar el registro hoy dividido entre computadora y cuadernos físicos.,P14,Marcillo (Analista Líder)
"En una urgencia sería ideal tener en una sola pantalla los antecedentes, vacunas, alergias y tratamientos","Falta de vista unificada de antecedentes, vacunas y alergias",Historia clínica,"El sistema deberá mostrar en una sola pantalla los antecedentes, vacunas, alergias y tratamientos del paciente.",P14,Marcillo (Analista Líder)
Las demoras aparecen quando hay varios servicios en una misma atención y se deben comprobar uno por uno,Demoras de facturación por comprobación manual de servicios múltiples,Facturación,El sistema deberá calcular automáticamente el total cuando hay varios servicios en una misma atención.,P14,Marcillo (Analista Líder)
Algunos productos pueden quedar con pocas unidades o acercarse a su vencimiento sin una alerta automática,Falta de alerta automática de bajo stock/vencimiento,Inventario,El sistema deberá emitir alertas automáticas de bajo stock y próximos vencimientos.,P14,Marcillo (Analista Líder)
Esto deja vacíos en la agenda... un recordatorio automático podría reducir este problema,Vacíos de agenda por olvido; interés en recordatorio automático,Citas,El sistema deberá enviar recordatorios automáticos para reducir los vacíos de agenda por olvido del propietario.,P14,Marcillo (Analista Líder)
Como auxiliar puede enviar recordatorios... siempre se debe consultar al profesional,Auxiliar transmite información del veterinario sin modificar indicaciones,Comunicación,"El sistema deberá diferenciar los permisos de comunicación entre auxiliar y veterinario, preservando la validación profesional.",P14,Marcillo (Analista Líder)
Estoy bastante de acuerdo porque podría ayudar a ordenar antecedentes y señalar información a revisar,Acuerdo alto (4/5) con IA como apoyo para ordenar antecedentes,Inteligencia Artificial,El sistema de IA deberá ayudar a ordenar antecedentes y señalar información relevante para revisión del veterinario.,P14,Marcillo (Analista Líder)
Si las recomendaciones muestran de dónde proviene la información y permiten que el veterinario las revise,Confianza condicionada a trazabilidad del origen de la recomendación de IA,Inteligencia Artificial,El sistema de IA deberá mostrar el origen/fuente de cada recomendación para permitir su revisión.,P14,Marcillo (Analista Líder)
Debería permitir diferentes niveles de acceso según el cargo y contar con respaldo de información,Necesidad de niveles de acceso por cargo y respaldo de información,Usabilidad,El sistema deberá implementar niveles de acceso diferenciados según el cargo del usuario.,P14,Marcillo (Analista Líder)
Sería conveniente que el sistema guarde temporalmente los datos y los sincronice cuando vuelva el internet,Necesidad de sincronización de datos en modo offline,Rendimiento,El sistema deberá operar en modo offline y sincronizar los datos automáticamente al recuperar la conexión.,P14,Marcillo (Analista Líder)
En algunos casos se utiliza la computadora y en otros todavía se anotan cosas en cuadernos... a veces hay información pendiente de registrar,"Registro clínico mixto, información pendiente con alto volumen",Historia clínica,El sistema deberá reducir el registro pendiente al simplificar la captura de información en jornadas con muchos pacientes.,P15,Marcillo (Analista Líder)
A veces tengo que preguntarle al veterinario dónde quedó registrada determinada información,Dificultad para ubicar dónde quedó registrada la información,Historia clínica,El sistema deberá centralizar el registro para que cualquier miembro del equipo pueda ubicar la información sin preguntar a otro.,P15,Marcillo (Analista Líder)
Los errores pueden aparecer cuando hay varios productos o procedimientos en una misma atención,Errores de facturación por revisión manual de múltiples productos,Facturación,El sistema deberá automatizar el cálculo de cobro cuando hay múltiples productos o procedimientos en una atención.,P15,Marcillo (Analista Líder)
Es posible que algún producto quede cerca de vencer... también ha pasado que algún insumo se termina y nos damos cuenta tarde,Riesgo de vencimiento/agotamiento no detectado a tiempo,Inventario,El sistema deberá anticipar mediante alertas los productos próximos a vencer o agotarse.,P15,Marcillo (Analista Líder)
"Cuando una persona no llega, se pierde ese espacio de atención",Pérdida de espacio de atención por inasistencias pese a recordatorios,Citas,El sistema deberá optimizar la reasignación de espacios de atención perdidos por inasistencias.,P15,Marcillo (Analista Líder)
"Cuando existe una enfermedad o dieta terapéutica, la recomendación debe ser revisada por el veterinario",Auxiliar orienta aspectos generales; veterinario valida lo específico,Comunicación,El sistema deberá diferenciar qué tipo de orientación puede dar el auxiliar y cuál requiere validación del veterinario.,P15,Marcillo (Analista Líder)
[Escala] La opción cinco... totalmente de acuerdo,"Total acuerdo (5/5) con IA sugiriendo diagnósticos, con revisión profesional",Inteligencia Artificial,El sistema de IA deberá sugerir diagnósticos manteniendo siempre la revisión final del profesional veterinario.,P15,Marcillo (Analista Líder)
Me parecería útil como apoyo pero siempre tendría que existir una revisión del veterinario,"Confianza moderada en IA, sin sustituir indicación del profesional",Inteligencia Artificial,El sistema de IA no deberá sustituir la indicación del veterinario bajo ninguna circunstancia.,P15,Marcillo (Analista Líder)
Que la recomendación esté respaldada por literatura validada y que el veterinario pueda revisar y corregir,Condiciones de confianza: literatura validada y revisión veterinaria,Inteligencia Artificial,El sistema de IA deberá basar recomendaciones en literatura validada y permitir su revisión/corrección.,P15,Marcillo (Analista Líder)
Debería funcionar bien en computadora y celular porque no siempre estamos frente a la computadora,Necesidad de funcionamiento en computadora y celular,Usabilidad,El sistema deberá funcionar de forma equivalente en computadora y celular.,P15,Marcillo (Analista Líder)
"Que el sistema también ayude a organizar las tareas del personal auxiliar, no solamente la información médica",Solicitud de gestión de tareas operativas del personal auxiliar,Administración,"El sistema deberá incluir un módulo de gestión de tareas operativas del personal auxiliar (limpieza, insumos, preparación de áreas).",P15,Marcillo (Analista Líder)
Las historias clínicas se realizan en cuadernos físicos... en algunos casos cambiamos esto a hojas de Excel,Registro en cuadernos físicos y hojas de Excel,Historia clínica,El sistema deberá reemplazar cuadernos físicos y hojas de Excel dispersas por un módulo unificado de historia clínica.,P16,Marcillo (Analista Líder)
Consultas de 10 a 15 minutos porque hay que copiar datos que ya estaban en anteriores fichas,Duplicación manual de datos ya existentes en fichas anteriores,Historia clínica,El sistema deberá evitar la duplicación manual de datos ya existentes en consultas previas.,P16,Marcillo (Analista Líder)
A veces se cobra un servicio que no corresponde o se nos olvida cobrar pequeñas cosas,Errores de cobro por servicios olvidados o cobrados incorrectamente,Facturación,"El sistema deberá calcular automáticamente los cobros a partir de los servicios registrados, evitando omisiones o errores.",P16,Marcillo (Analista Líder)
Hemos tenido casos de medicamentos vencidos y no hay una alerta que nos avise,Medicamentos vencidos sin alerta previa,Inventario,El sistema deberá emitir alertas previas de vencimiento de medicamentos.,P16,Marcillo (Analista Líder)
Nos cancelan de dos a tres a la semana... no usamos ningún recordatorio automático,Cancelaciones frecuentes sin recordatorio automático,Citas,El sistema deberá implementar recordatorios automáticos de citas para reducir cancelaciones sin aviso.,P16,Marcillo (Analista Líder)
Nos consume bastante tiempo fuera de nuestro horario laboral... comunicación por WhatsApp personal de cada doctor,Comunicación por WhatsApp personal consume tiempo fuera de horario laboral,Comunicación,El sistema deberá centralizar la comunicación con propietarios para reducir el uso de canales personales fuera de horario laboral.,P16,Marcillo (Analista Líder)
Nos dicen que en el chat GPT vieron que sí podría... no es tan confiable como un veterinario físicamente,Desconfianza en fuentes de internet no validadas usadas por propietarios,Inteligencia Artificial,"El sistema de IA deberá presentarse como fuente confiable y validada, en contraste con fuentes no verificadas que consultan los propietarios.",P16,Marcillo (Analista Líder)
[Escala] El cuatro... siempre debe quedar la decisión final en manos del especialista,"Acuerdo alto (4/5) con IA sugiriendo diagnósticos, decisión final del veterinario",Inteligencia Artificial,El sistema de IA deberá sugerir diagnósticos manteniendo la decisión final exclusivamente en manos del veterinario.,P16,Marcillo (Analista Líder)
Confianza moderada... porque no conocemos a fondo cómo funciona un sistema así,"Confianza moderada en IA, con validación propia",Inteligencia Artificial,El sistema de IA deberá presentarse con transparencia suficiente para generar confianza pese al desconocimiento técnico del usuario.,P16,Marcillo (Analista Líder)
Que el veterinario pueda revisar y corregir las sugerencias... que los datos no se compartan con terceros,Condiciones de confianza: revisión veterinaria y protección de datos,Inteligencia Artificial,El sistema de IA deberá permitir revisión/corrección de sugerencias y garantizar protección de datos de pacientes.,P16,Marcillo (Analista Líder)
Necesita acceso desde cualquier dispositivo... funcione rápido... el personal cambia con mucha frecuencia,Necesidad de acceso multiplataforma y rapidez por alta rotación de personal,Usabilidad,"El sistema deberá ser utilizable desde cualquier dispositivo con una curva de aprendizaje mínima, dada la alta rotación de personal.",P16,Marcillo (Analista Líder)
El tema de las vacunas con alertas de refuerzo... hay mascotas que han llegado con vacunas atrasadas sin que nadie lo detectara,Solicitud de alertas de refuerzo de vacunas,Historia clínica,El sistema deberá generar alertas automáticas de refuerzo de vacunación para evitar atrasos no detectados.,P16,Marcillo (Analista Líder)
