Marca temporal,Puntuación,¿Acepta participar en esta encuesta?,1. Rol del participante (Seleccione una opción),2. Edad,3. Sexo,4. Ciudad,"5. En caso de trabajar en una clínica veterinaria, ¿cuántos años de experiencia tiene?","6. En caso de ser dueño(a) de mascota, ¿cuántas mascotas tiene actualmente?",1. ¿Cómo califica la organización y gestión de la información en las clínicas veterinarias que conoce o utiliza?,2. ¿Con qué frecuencia considera que se presentan inconvenientes durante la atención o gestión en una clínica veterinaria?,3. ¿Qué tan importante considera el uso de un sistema informático para mejorar la atención y gestión de una clínica veterinaria?,4. ¿Cuál de los siguientes aspectos considera que debería mejorarse en una clínica veterinaria?,"5. ¿Qué tan útil considera recibir recordatorios de citas, vacunas, tratamientos o controles veterinarios mediante un sistema digital?",6. ¿Qué tan de acuerdo está con el uso de Inteligencia Artificial como apoyo para mejorar la gestión y atención en las clínicas veterinarias?,"7. Desde su experiencia, ¿Cuál considera que es el principal problema o dificultad que existe actualmente en la atención o gestión de una clínica veterinaria?",8. ¿Qué características o funciones le gustaría que tuviera un sistema para mejorar la gestión y atención en una clínica veterinaria?,9. ¿Qué beneficios cree que aportaría un sistema de gestión con inteligencia artificial a una clínica veterinaria?,10. ¿Tiene alguna sugerencia o comentario que considere importante para el diseño de un Sistema de Gestión para Clínicas Veterinarias con Inteligencia Artificial (SGCV-IA)?
2026-07-27 14:46:43.260000,0,"Sí, acepto participar.",Médico veterinario(a),26–35 años,Masculino,Quevedo ,De 2 a 5 años,3 o más,Buena,Rara vez,Importante,Gestión de citas,Muy útil,Neutral,La falta de sinceridad de algunos propietarios ,Gestión de recetas con copias guardadas en la nube  y calendario de citas,Organización de ideas ,Ninguno
2026-07-27 15:41:18.880000,0,"Sí, acepto participar.",Médico veterinario(a),18–25 años,Femenino,Quevedo ,Menos de 1 años,3 o más,Buena,Algunas veces,Importante,Facturación,Muy útil,De acuerdo,Un registro lento de pacientes ,"Recordatorios a los tutores de los pacientes para que contienen con los tratamientos en casa, control de vacunas, desparasitación ",Gestión más rápida ,Ninguno
2026-07-27 22:19:29.832000,0,"Sí, acepto participar.",Médico veterinario(a),18–25 años,Masculino,Quevedo ,Menos de 1 años,1,Regular,Algunas veces,Importante,Inventario de medicamentos,Neutral,De acuerdo,La falta de empatía ,Buena atención ,Ayudaría a mejorar el servicio ,No
2026-07-28 10:11:17.150000,0,"Sí, acepto participar.",Médico veterinario(a),26–35 años,Femenino,Quevedo,De 6 a 10 años,2,Regular,Rara vez,Importante,Comunicación con los dueños de mascotas,Muy útil,Neutral,Servicio al cliente,Que sea automático,Rapidez en la farmacia ,No
2026-07-28 12:00:51.091000,0,"Sí, acepto participar.",Médico veterinario(a),26–35 años,Femenino,El Empalme ,Menos de 1 años,3 o más,Muy buena,Frecuentemente,Importante,Comunicación con los dueños de mascotas,Muy útil,Neutral,Mala atención,Que me notifique la fecha de vacunación de la mascota,Facilidad al recibir información de la mascota ,No
2026-07-30 09:35:27.117000,0,"Sí, acepto participar.",Médico veterinario(a),18–25 años,Masculino,Quevedo,Menos de 1 años,2,Regular,Algunas veces,Importante,Gestión de citas,Útil,Neutral,Agenda desorganizada,Calendario digital y recordatorios,Mejor distribución del tiempo,Que sea fácil de aprender
2026-07-30 10:00:29.694000,0,"Sí, acepto participar.",Médico veterinario(a),26–35 años,Femenino,El Empalme,De 2 a 5 años,3 o más,Muy buena,Algunas veces,Muy importante,Comunicación con los dueños de mascotas,Muy útil,Totalmente de acuerdo,Seguimiento insuficiente de los pacientes,Recordatorios y mensajes automáticos,Mayor fidelización y seguimiento,Mantener siempre la privacidad de los datos
2026-07-30 17:30:24.120000,0,"Sí, acepto participar.",Médico veterinario(a),26–35 años,Masculino,El Empalme,De 2 a 5 años,1,Buena,Algunas veces,Muy importante,Historial clínico,Útil,De acuerdo,Dificultad para revisar antecedentes,Historial clínico con búsqueda rápida,Información organizada y accesible,Que la IA muestre recomendaciones con advertencias
2026-08-01 12:45:00.423000,0,"Sí, acepto participar.",Médico veterinario(a),26–35 años,Femenino,Quevedo ,De 2 a 5 años,2,Regular,Frecuentemente,Importante,Inventario de medicamentos,Neutral,Neutral,El control del inventario de medicamentos suele hacerse manualmente.,Inventario con alertas de stock bajo y control de vencimientos.,Evitaría pérdidas de medicamentos y mejoraría la gestión de compras.,Incluir copias de seguridad automáticas de la información.
2026-08-01 16:20:19.808000,0,"Sí, acepto participar.",Médico veterinario(a),26–35 años,Masculino,Mocache,De 2 a 5 años,3 o más,Buena,Frecuentemente,Muy importante,Gestión de citas,Muy útil,Totalmente de acuerdo,Alta cantidad de pacientes,Agenda automática y recordatorios,Atención más rápida y ordenada,Integrar todas las funciones en una sola plataforma
2026-08-02 11:33:33.691000,0,"Sí, acepto participar.",Médico veterinario(a),18–25 años,Masculino,Quevedo,De 2 a 5 años,2,Regular,Frecuentemente,Importante,Gestión de citas,Útil,Totalmente en desacuerdo, desequilibrio entre la alta carga operativa y la falta de visión empresarial,"la privacidad de los datos, la precisión diagnóstica asistida y la integración fluida en el flujo de trabajo diario","historial clínico electrónico, gestión de citas con recordatorios automáticos","la privacidad de los datos, la precisión diagnóstica asistida y la integración fluida en el flujo de trabajo diario"
2026-08-02 12:10:15.444000,0,"Sí, acepto participar.",Médico veterinario(a),36–45 años,Femenino,Buena Fe,De 6 a 10 años,3 o más,Buena,Algunas veces,Muy importante,Historial clínico,Muy útil,De acuerdo,Información dispersa de los pacientes,Historial completo y alertas clínicas,Decisiones más rápidas y mejor seguimiento,"La IA debe ser un apoyo, no reemplazar al profesional"
2026-08-02 13:43:35.231000,0,"Sí, acepto participar.",Médico veterinario(a),36–45 años,Masculino,Quevedo ,De 2 a 5 años,No aplica,Regular,Algunas veces,Importante,Historial clínico,Muy útil,Neutral,Al momento de registrar la mascota ya que lo hacemos de manera manual ,"Búsqueda mascotas y aparezca todo sobre esta como control, próxima citas y historia médico ",La verdad lo considero neutral ni muy mala porque puede ser para sugerir o dar recomendaciones pero no para que de diagnostico finales ,Que tenga un diseño fácil de entender 
2026-08-02 17:19:21.733000,0,"Sí, acepto participar.",Médico veterinario(a),26–35 años,Femenino,Quevedo ,De 2 a 5 años,2,Regular,Frecuentemente,Importante,Inventario de medicamentos,Neutral,Neutral,El control del inventario de medicamentos suele hacerse manualmente.,Inventario con alertas de stock bajo y control de vencimientos.,Evitaría pérdidas de medicamentos y mejoraría la gestión de compras.,Incluir copias de seguridad automáticas de la información.
2026-08-03 07:15:02.948000,0,"Sí, acepto participar.",Médico veterinario(a),26–35 años,Masculino,Quevedo,De 2 a 5 años,3 o más,Buena,Frecuentemente,Muy importante,Gestión de citas,Muy útil,Totalmente de acuerdo,Alta cantidad de pacientes,Agenda automática y recordatorios,Atención más rápida y ordenada,Integrar todas las funciones en una sola plataforma
2026-08-04 14:05:32.288000,0,"Sí, acepto participar.",Médico veterinario(a),18–25 años,Masculino,Quevedo,Menos de 1 años,2,Regular,Algunas veces,Importante,Gestión de citas,Útil,Neutral,Agenda desorganizada,Calendario digital y recordatorios,Mejor distribución del tiempo,Que sea fácil de aprender
2026-08-04 18:00:58.567000,0,"Sí, acepto participar.",Médico veterinario(a),18–25 años,Femenino,Quevedo,Menos de 1 años,3 o más,Buena,Algunas veces,Muy importante,Inventario de medicamentos,Muy útil,De acuerdo,Falta de control de stock,Alertas de inventario y vencimiento,Evitar pérdidas de medicamentos,Que sea rápido y confiable
2026-08-05 07:05:45.258000,0,"Sí, acepto participar.",Médico veterinario(a),26–35 años,Masculino,Quevedo,De 2 a 5 años,3 o más,Buena,Frecuentemente,Muy importante,Gestión de citas,Muy útil,Totalmente de acuerdo,Alta cantidad de pacientes,Agenda automática y recordatorios,Atención más rápida y ordenada,Integrar todas las funciones en una sola plataforma
2026-08-06 14:00:29.879000,0,"Sí, acepto participar.",Médico veterinario(a),26–35 años,Masculino,Quevedo,De 2 a 5 años,3 o más,Regular,Frecuentemente,Muy importante,Comunicación con los dueños de mascotas,Muy útil,Totalmente de acuerdo,Poco seguimiento después de la consulta,Mensajes automáticos y seguimiento,Mejor adherencia a tratamientos,Que permita programar seguimientos
2026-08-06 22:05:37.529000,0,"Sí, acepto participar.",Médico veterinario(a),26–35 años,Femenino,Quevedo,De 2 a 5 años,2,Regular,Frecuentemente,Importante,Inventario de medicamentos,Neutral,Neutral,El control del inventario de medicamentos suele hacerse manualmente.,Inventario con alertas de stock bajo y control de vencimientos.,Evitaría pérdidas de medicamentos y mejoraría la gestión de compras.,Incluir copias de seguridad automáticas de la información.
2026-08-07 08:50:42.945000,0,"Sí, acepto participar.",Médico veterinario(a),36–45 años,Femenino,Quevedo,De 6 a 10 años,3 o más,Buena,Algunas veces,Muy importante,Historial clínico,Muy útil,De acuerdo,Información dispersa de los pacientes,Historial completo y alertas clínicas,Decisiones más rápidas y mejor seguimiento,"La IA debe ser un apoyo, no reemplazar al profesional"
2026-08-07 18:50:11.838000,0,"Sí, acepto participar.",Médico veterinario(a),18–25 años,Femenino,El Empalme,Menos de 1 años,1,Regular,Algunas veces,Muy importante,Historial clínico,Muy útil,De acuerdo,Pérdida de información de pacientes,Historia clínica electrónica y búsqueda rápida,Acceso inmediato a los antecedentes,Que permita respaldar la información
2026-08-08 19:45:49.359000,0,"Sí, acepto participar.",Médico veterinario(a),26–35 años,Femenino,Buena Fe,De 2 a 5 años,2,Regular,Frecuentemente,Importante,Inventario de medicamentos,Neutral,Neutral,El control del inventario de medicamentos suele hacerse manualmente.,Inventario con alertas de stock bajo y control de vencimientos.,Evitaría pérdidas de medicamentos y mejoraría la gestión de compras.,Incluir copias de seguridad automáticas de la información.
2026-08-09 07:55:13.309000,0,"Sí, acepto participar.",Médico veterinario(a),18–25 años,Masculino,Quevedo ,Menos de 1 años,1,Regular,Algunas veces,Importante,Inventario de medicamentos,Neutral,De acuerdo,La falta de empatía ,Buena atención ,Ayudaría a mejorar el servicio ,No
2026-08-09 14:55:59.887000,0,"Sí, acepto participar.",Médico veterinario(a),26–35 años,Femenino,Quevedo ,De 2 a 5 años,2,Regular,Frecuentemente,Importante,Inventario de medicamentos,Neutral,Neutral,El control del inventario de medicamentos suele hacerse manualmente.,Inventario con alertas de stock bajo y control de vencimientos.,Evitaría pérdidas de medicamentos y mejoraría la gestión de compras.,Incluir copias de seguridad automáticas de la información.
2026-08-10 21:05:05.080000,0,"Sí, acepto participar.",Médico veterinario(a),18–25 años,Masculino,Quevedo ,Menos de 1 años,1,Regular,Algunas veces,Importante,Inventario de medicamentos,Neutral,De acuerdo,La falta de empatía ,Buena atención ,Ayudaría a mejorar el servicio ,No
2026-08-11 12:55:20.571000,0,"Sí, acepto participar.",Médico veterinario(a),18–25 años,Masculino,Quevedo ,Menos de 1 años,1,Regular,Algunas veces,Importante,Inventario de medicamentos,Neutral,De acuerdo,La falta de empatía ,Buena atención ,Ayudaría a mejorar el servicio ,No
2026-08-12 07:20:56.816000,0,"Sí, acepto participar.",Médico veterinario(a),36–45 años,Masculino,El Empalme,De 6 a 10 años,2,Muy buena,Algunas veces,Muy importante,Gestión de citas,Muy útil,Totalmente de acuerdo,Saturación de citas,Agenda inteligente y recordatorios,Mejor organización del trabajo,Que permita priorizar casos urgentes
2026-08-13 16:15:06.188000,0,"Sí, acepto participar.",Médico veterinario(a),18–25 años,Masculino,Quevedo ,Menos de 1 años,1,Regular,Algunas veces,Importante,Inventario de medicamentos,Neutral,De acuerdo,La falta de empatía ,Buena atención ,Ayudaría a mejorar el servicio ,No
2026-08-13 16:15:26.208000,0,"Sí, acepto participar.",Médico veterinario(a),26–35 años,Masculino,Buena Fe,De 2 a 5 años,1,Buena,Algunas veces,Muy importante,Historial clínico,Útil,De acuerdo,Dificultad para revisar antecedentes,Historial clínico con búsqueda rápida,Información organizada y accesible,Que la IA muestre recomendaciones con advertencias
2026-08-14 16:40:10.872000,0,"Sí, acepto participar.",Médico veterinario(a),18–25 años,Femenino,Quevedo ,Menos de 1 años,3 o más,Buena,Algunas veces,Importante,Facturación,Muy útil,De acuerdo,Un registro lento de pacientes ,"Recordatorios a los tutores de los pacientes para que contienen con los tratamientos en casa, control de vacunas, desparasitación ",Gestión más rápida ,Sin comentarios
2026-08-14 21:50:29.219000,0,"Sí, acepto participar.",Médico veterinario(a),18–25 años,Masculino,Quevedo,Menos de 1 años,2,Regular,Algunas veces,Importante,Gestión de citas,Útil,Neutral,Agenda desorganizada,Calendario digital y recordatorios,Mejor distribución del tiempo,Que sea fácil de aprender
2026-08-15 08:55:52.539000,0,"Sí, acepto participar.",Médico veterinario(a),26–35 años,Masculino,El Empalme,De 2 a 5 años,1,Buena,Algunas veces,Muy importante,Historial clínico,Útil,De acuerdo,Dificultad para revisar antecedentes,Historial clínico con búsqueda rápida,Información organizada y accesible,Que la IA muestre recomendaciones con advertencias
2026-08-17 09:50:50.520000,0,"Sí, acepto participar.",Médico veterinario(a),26–35 años,Femenino,Quevedo,De 2 a 5 años,3 o más,Muy buena,Algunas veces,Muy importante,Comunicación con los dueños de mascotas,Muy útil,Totalmente de acuerdo,Seguimiento insuficiente de los pacientes,Recordatorios y mensajes automáticos,Mayor fidelización y seguimiento,Mantener siempre la privacidad de los datos
2026-08-19 15:55:20.441000,0,"Sí, acepto participar.",Médico veterinario(a),26–35 años,Masculino,El Empalme,De 2 a 5 años,1,Buena,Algunas veces,Muy importante,Historial clínico,Útil,De acuerdo,Dificultad para revisar antecedentes,Historial clínico con búsqueda rápida,Información organizada y accesible,Que la IA muestre recomendaciones con advertencias
2026-08-21 07:00:40.909000,0,"Sí, acepto participar.",Médico veterinario(a),26–35 años,Femenino,El Empalme,De 2 a 5 años,2,Buena,Algunas veces,Muy importante,Gestión de citas,Muy útil,De acuerdo,Demora en la atención y búsqueda de historiales,Historial clínico digital y recordatorios automáticos,Mejor organización y rapidez en la atención,Que sea sencillo de usar y proteja los datos
2026-08-22 18:25:28.396000,0,"Sí, acepto participar.",Médico veterinario(a),36–45 años,Femenino,Quevedo,De 6 a 10 años,3 o más,Buena,Algunas veces,Muy importante,Historial clínico,Muy útil,De acuerdo,Información dispersa de los pacientes,Historial completo y alertas clínicas,Decisiones más rápidas y mejor seguimiento,"La IA debe ser un apoyo, no reemplazar al profesional"
2026-08-23 09:55:53.085000,0,"Sí, acepto participar.",Médico veterinario(a),36–45 años,Femenino,Quevedo,De 6 a 10 años,3 o más,Buena,Algunas veces,Muy importante,Historial clínico,Muy útil,De acuerdo,Información dispersa de los pacientes,Historial completo y alertas clínicas,Decisiones más rápidas y mejor seguimiento,"La IA debe ser un apoyo, no reemplazar al profesional"
2026-08-25 09:15:36.821000,0,"Sí, acepto participar.",Médico veterinario(a),36–45 años,Femenino,Quevedo,De 6 a 10 años,3 o más,Buena,Algunas veces,Muy importante,Historial clínico,Muy útil,De acuerdo,Información dispersa de los pacientes,Historial completo y alertas clínicas,Decisiones más rápidas y mejor seguimiento,"La IA debe ser un apoyo, no reemplazar al profesional"
2026-08-25 15:25:40.636000,0,"Sí, acepto participar.",Médico veterinario(a),18–25 años,Femenino,Quevedo ,Menos de 1 años,3 o más,Buena,Algunas veces,Importante,Facturación,Muy útil,De acuerdo,Un registro lento de pacientes ,"Recordatorios a los tutores de los pacientes para que contienen con los tratamientos en casa, control de vacunas, desparasitación ",Gestión más rápida ,Sin comentarios
2026-08-25 21:15:48.209000,0,"Sí, acepto participar.",Médico veterinario(a),36–45 años,Masculino,Quevedo ,De 2 a 5 años,No aplica,Regular,Algunas veces,Importante,Historial clínico,Muy útil,Neutral,Al momento de registrar la mascota ya que lo hacemos de manera manual ,"Búsqueda mascotas y aparezca todo sobre esta como control, próxima citas y historia médico ",La verdad lo considero neutral ni muy mala porque puede ser para sugerir o dar recomendaciones pero no para que de diagnostico finales ,Que tenga un diseño fácil de entender 
2026-08-27 07:30:48.719000,0,"Sí, acepto participar.",Médico veterinario(a),26–35 años,Masculino,Quevedo,De 2 a 5 años,3 o más,Buena,Frecuentemente,Muy importante,Gestión de citas,Muy útil,Totalmente de acuerdo,Alta cantidad de pacientes,Agenda automática y recordatorios,Atención más rápida y ordenada,Integrar todas las funciones en una sola plataforma
2026-08-27 21:50:02.212000,0,"Sí, acepto participar.",Médico veterinario(a),26–35 años,Masculino,Buena Fe,De 2 a 5 años,1,Buena,Algunas veces,Muy importante,Historial clínico,Útil,De acuerdo,Dificultad para revisar antecedentes,Historial clínico con búsqueda rápida,Información organizada y accesible,Que la IA muestre recomendaciones con advertencias
2026-08-28 17:15:03.731000,0,"Sí, acepto participar.",Médico veterinario(a),26–35 años,Femenino,Buena Fe,Menos de 1 años,3 o más,Muy buena,Frecuentemente,Importante,Comunicación con los dueños de mascotas,Muy útil,Neutral,Mala atención,Que me notifique la fecha de vacunación de la mascota,Facilidad al recibir información de la mascota ,No
2026-08-28 17:25:08.356000,0,"Sí, acepto participar.",Médico veterinario(a),26–35 años,Masculino,Buena Fe,De 2 a 5 años,1,Buena,Algunas veces,Muy importante,Historial clínico,Útil,De acuerdo,Dificultad para revisar antecedentes,Historial clínico con búsqueda rápida,Información organizada y accesible,Que la IA muestre recomendaciones con advertencias
2026-08-28 20:25:17.696000,0,"Sí, acepto participar.",Médico veterinario(a),26–35 años,Masculino,Quevedo ,De 2 a 5 años,3 o más,Buena,Rara vez,Importante,Gestión de citas,Muy útil,Neutral,La falta de sinceridad de algunos propietarios ,Gestión de recetas con copias guardadas en la nube  y calendario de citas,Organización de ideas ,Sin comentarios
2026-08-29 10:15:21.857000,0,"Sí, acepto participar.",Médico veterinario(a),18–25 años,Masculino,Quevedo,Menos de 1 años,2,Regular,Algunas veces,Importante,Gestión de citas,Útil,Neutral,Agenda desorganizada,Calendario digital y recordatorios,Mejor distribución del tiempo,Que sea fácil de aprender
2026-08-29 10:20:02.134000,0,"Sí, acepto participar.",Médico veterinario(a),26–35 años,Femenino,Quevedo ,De 2 a 5 años,2,Regular,Frecuentemente,Importante,Inventario de medicamentos,Neutral,Neutral,El control del inventario de medicamentos suele hacerse manualmente.,Inventario con alertas de stock bajo y control de vencimientos.,Evitaría pérdidas de medicamentos y mejoraría la gestión de compras.,Incluir copias de seguridad automáticas de la información.
2026-08-31 13:55:16.436000,0,"Sí, acepto participar.",Médico veterinario(a),26–35 años,Femenino,El Empalme,Menos de 1 años,3 o más,Muy buena,Frecuentemente,Importante,Comunicación con los dueños de mascotas,Muy útil,Neutral,Mala atención,Que me notifique la fecha de vacunación de la mascota,Facilidad al recibir información de la mascota ,No
2026-08-31 20:35:03.856000,0,"Sí, acepto participar.",Médico veterinario(a),26–35 años,Femenino,Quevedo ,De 2 a 5 años,2,Regular,Frecuentemente,Importante,Inventario de medicamentos,Neutral,Neutral,El control del inventario de medicamentos suele hacerse manualmente.,Inventario con alertas de stock bajo y control de vencimientos.,Evitaría pérdidas de medicamentos y mejoraría la gestión de compras.,Incluir copias de seguridad automáticas de la información.
2026-07-27 23:19:40.103000,0,"Sí, acepto participar.",Auxiliar o técnico veterinario,26–35 años,Masculino,El empalme ,De 2 a 5 años,No aplica,Regular,Algunas veces,Neutral,Historial clínico,Útil,Neutral,Al momento de registrar los datos de las mascotas ,Un sistema de notificaciones ,Mejor gestión ,No
2026-07-28 10:28:14.083000,0,"Sí, acepto participar.",Auxiliar o técnico veterinario,36–45 años,Masculino,Guayaquil ,De 2 a 5 años,1,Regular,Algunas veces,Muy importante,Comunicación con los dueños de mascotas,Muy útil,Totalmente de acuerdo,La atención de usuario con el profesional ,Empatia,Mucho ,No
2026-07-29 16:05:35.768000,0,"Sí, acepto participar.",Auxiliar o técnico veterinario,36–45 años,Masculino,Guayaquil ,De 2 a 5 años,1,Regular,Algunas veces,Muy importante,Comunicación con los dueños de mascotas,Muy útil,Totalmente de acuerdo,La atención de usuario con el profesional ,Empatia,Mucho ,No
2026-07-30 09:40:52.735000,0,"Sí, acepto participar.",Auxiliar o técnico veterinario,18–25 años,Femenino,Cuenca ,De 2 a 5 años,No aplica,Buena,Algunas veces,Poco importante,Comunicación con los dueños de mascotas,Útil,Totalmente en desacuerdo,El tiempo o la mala comunicación con los dueños de las mascotas,Un recordatorio para los horarios o vacunas ,Podría ayudar pero sigo negada a utilizar ,Que pongan un recordatorio para las vacunas
2026-07-30 12:35:50.205000,0,"Sí, acepto participar.",Auxiliar o técnico veterinario,26–35 años,Masculino,El empalme ,De 2 a 5 años,No aplica,Regular,Algunas veces,Neutral,Historial clínico,Útil,Neutral,Al momento de registrar los datos de las mascotas ,Un sistema de notificaciones ,Mejor gestión ,No
2026-08-01 12:25:01.532000,0,"Sí, acepto participar.",Auxiliar o técnico veterinario,26–35 años,Masculino,Quevedo,De 2 a 5 años,No aplica,Regular,Algunas veces,Neutral,Historial clínico,Útil,Neutral,Al momento de registrar los datos de las mascotas ,Un sistema de notificaciones ,Mejor gestión ,No
2026-08-01 17:25:46.297000,0,"Sí, acepto participar.",Auxiliar o técnico veterinario,18–25 años,Femenino,Cuenca ,De 2 a 5 años,No aplica,Buena,Algunas veces,Poco importante,Comunicación con los dueños de mascotas,Útil,Totalmente en desacuerdo,El tiempo o la mala comunicación con los dueños de las mascotas,Un recordatorio para los horarios o vacunas ,Podría ayudar pero sigo negada a utilizar ,Que pongan un recordatorio para las vacunas
2026-08-02 12:14:36.601000,0,"Sí, acepto participar.",Auxiliar o técnico veterinario,18–25 años,Femenino,Cuenca ,De 2 a 5 años,No aplica,Buena,Algunas veces,Poco importante,Comunicación con los dueños de mascotas,Útil,Totalmente en desacuerdo,El tiempo o la mala comunicación con los dueños de las mascotas,Un recordatorio para los horarios o vacunas ,Podría ayudar pero sigo negada a utilizar ,Que pongan un recordatorio para las vacunas
2026-08-02 13:20:26.141000,0,"Sí, acepto participar.",Auxiliar o técnico veterinario,36–45 años,Femenino,Quevedo,De 6 a 10 años,No aplica,Regular,Frecuentemente,Muy importante,Historial clínico,Muy útil,De acuerdo,Historias clínicas incompletas,Ficha clínica digital y alertas,Mejor continuidad de la atención,Que se pueda actualizar fácilmente
2026-08-02 13:30:39.715000,0,"Sí, acepto participar.",Auxiliar o técnico veterinario,26–35 años,Masculino,Guayaquil,De 2 a 5 años,No aplica,Buena,Frecuentemente,Muy importante,Historial clínico,Muy útil,Totalmente de acuerdo,Registro repetitivo de datos,Ficha digital y búsqueda por nombre,Ahorro de tiempo,Que se pueda usar en computadora y celular
2026-08-02 13:32:42.180000,0,"Sí, acepto participar.",Auxiliar o técnico veterinario,26–35 años,Masculino,Quevedo ,Menos de 1 años,No aplica,Regular,Algunas veces,Importante,Inventario de medicamentos,Útil,Neutral,La desorganización por muchos documentos sin tener un registro en la nube ,Un sistema con alarma de vacunas de mi mascota ,Mejor control administrativo ,No
2026-08-02 13:57:30.189000,0,"Sí, acepto participar.",Auxiliar o técnico veterinario,26–35 años,Masculino,Manta,Menos de 1 años,2,Muy mala,Rara vez,Muy importante,Inventario de medicamentos,Útil,Totalmente de acuerdo,Inventario de medicamentos ,Mejor optimización ,Agilidad ,Que sea muy fácil de usar 
2026-08-02 17:18:06.461000,0,"Sí, acepto participar.",Auxiliar o técnico veterinario,26–35 años,Femenino,QUEVEDO ,De 2 a 5 años,No aplica,Regular,Algunas veces,Importante,Gestión de citas,Útil,De acuerdo,La organización de las citas y la comunicación con los dueños de las mascotas.,"Historial clínico digital, agenda de citas y recordatorios automáticos.","Confirmación automática de citas, notificaciones por WhatsApp y registro de vacunas.",Que sea fácil de usar y funcione desde el celular.
2026-08-02 17:30:20.268000,0,"Sí, acepto participar.",Auxiliar o técnico veterinario,26–35 años,Femenino,QUEVEDO ,De 2 a 5 años,No aplica,Regular,Algunas veces,Importante,Gestión de citas,Útil,De acuerdo,La organización de las citas y la comunicación con los dueños de las mascotas.,"Historial clínico digital, agenda de citas y recordatorios automáticos.","Confirmación automática de citas, notificaciones por WhatsApp y registro de vacunas.",Que sea fácil de usar y funcione desde el celular.
2026-08-04 17:40:33.045000,0,"Sí, acepto participar.",Auxiliar o técnico veterinario,26–35 años,Masculino,El empalme ,De 2 a 5 años,No aplica,Regular,Algunas veces,Neutral,Historial clínico,Útil,Neutral,Al momento de registrar los datos de las mascotas ,Un sistema de notificaciones ,Mejor gestión ,No
2026-08-06 08:00:55.177000,0,"Sí, acepto participar.",Auxiliar o técnico veterinario,36–45 años,Masculino,Guayaquil ,De 2 a 5 años,1,Regular,Algunas veces,Muy importante,Comunicación con los dueños de mascotas,Muy útil,Totalmente de acuerdo,La atención de usuario con el profesional ,Empatia,Mucho ,No
2026-08-06 12:15:20.236000,0,"Sí, acepto participar.",Auxiliar o técnico veterinario,26–35 años,Masculino,El empalme ,De 2 a 5 años,No aplica,Regular,Algunas veces,Neutral,Historial clínico,Útil,Neutral,Al momento de registrar los datos de las mascotas ,Un sistema de notificaciones ,Mejor gestión ,No
2026-08-06 18:45:01.382000,0,"Sí, acepto participar.",Auxiliar o técnico veterinario,26–35 años,Masculino,Mocache,De 2 a 5 años,No aplica,Buena,Frecuentemente,Muy importante,Historial clínico,Muy útil,Totalmente de acuerdo,Registro repetitivo de datos,Ficha digital y búsqueda por nombre,Ahorro de tiempo,Que se pueda usar en computadora y celular
2026-08-08 10:10:42.791000,0,"Sí, acepto participar.",Auxiliar o técnico veterinario,26–35 años,Masculino,Manta,Menos de 1 años,2,Muy mala,Rara vez,Muy importante,Inventario de medicamentos,Útil,Totalmente de acuerdo,Inventario de medicamentos ,Mejor optimización ,Agilidad ,Que sea muy fácil de usar 
2026-08-08 15:25:27.220000,0,"Sí, acepto participar.",Auxiliar o técnico veterinario,26–35 años,Masculino,Quevedo ,Menos de 1 años,No aplica,Regular,Algunas veces,Importante,Inventario de medicamentos,Útil,Neutral,La desorganización por muchos documentos sin tener un registro en la nube ,Un sistema con alarma de vacunas de mi mascota ,Mejor control administrativo ,No
2026-08-08 18:20:45.007000,0,"Sí, acepto participar.",Auxiliar o técnico veterinario,18–25 años,Femenino,Mocache,De 2 a 5 años,No aplica,Buena,Algunas veces,Poco importante,Comunicación con los dueños de mascotas,Útil,Totalmente en desacuerdo,El tiempo o la mala comunicación con los dueños de las mascotas,Un recordatorio para los horarios o vacunas ,Podría ayudar pero sigo negada a utilizar ,Que pongan un recordatorio para las vacunas
2026-08-09 14:10:27.246000,0,"Sí, acepto participar.",Auxiliar o técnico veterinario,26–35 años,Masculino,Guayaquil,De 2 a 5 años,No aplica,Buena,Frecuentemente,Muy importante,Historial clínico,Muy útil,Totalmente de acuerdo,Registro repetitivo de datos,Ficha digital y búsqueda por nombre,Ahorro de tiempo,Que se pueda usar en computadora y celular
2026-08-09 16:10:06.492000,0,"Sí, acepto participar.",Auxiliar o técnico veterinario,26–35 años,Femenino,El Empalme,De 2 a 5 años,No aplica,Regular,Algunas veces,Importante,Gestión de citas,Útil,De acuerdo,La organización de las citas y la comunicación con los dueños de las mascotas.,"Historial clínico digital, agenda de citas y recordatorios automáticos.","Confirmación automática de citas, notificaciones por WhatsApp y registro de vacunas.",Que sea fácil de usar y funcione desde el celular.
2026-08-12 13:10:30.326000,0,"Sí, acepto participar.",Auxiliar o técnico veterinario,26–35 años,Masculino,Quevedo,De 2 a 5 años,No aplica,Buena,Frecuentemente,Muy importante,Historial clínico,Muy útil,Totalmente de acuerdo,Registro repetitivo de datos,Ficha digital y búsqueda por nombre,Ahorro de tiempo,Que se pueda usar en computadora y celular
2026-08-12 15:00:56.206000,0,"Sí, acepto participar.",Auxiliar o técnico veterinario,18–25 años,Femenino,Quevedo,De 2 a 5 años,No aplica,Buena,Algunas veces,Poco importante,Comunicación con los dueños de mascotas,Útil,Totalmente en desacuerdo,El tiempo o la mala comunicación con los dueños de las mascotas,Un recordatorio para los horarios o vacunas ,Podría ayudar pero sigo negada a utilizar ,Que pongan un recordatorio para las vacunas
2026-08-14 22:50:20.458000,0,"Sí, acepto participar.",Auxiliar o técnico veterinario,36–45 años,Femenino,Quevedo,De 6 a 10 años,No aplica,Regular,Frecuentemente,Muy importante,Historial clínico,Muy útil,De acuerdo,Historias clínicas incompletas,Ficha clínica digital y alertas,Mejor continuidad de la atención,Que se pueda actualizar fácilmente
2026-08-15 14:05:55.140000,0,"Sí, acepto participar.",Auxiliar o técnico veterinario,26–35 años,Masculino,El empalme ,De 2 a 5 años,No aplica,Regular,Algunas veces,Neutral,Historial clínico,Útil,Neutral,Al momento de registrar los datos de las mascotas ,Un sistema de notificaciones ,Mejor gestión ,No
2026-08-15 19:10:14.151000,0,"Sí, acepto participar.",Auxiliar o técnico veterinario,36–45 años,Masculino,Guayaquil ,De 2 a 5 años,1,Regular,Algunas veces,Muy importante,Comunicación con los dueños de mascotas,Muy útil,Totalmente de acuerdo,La atención de usuario con el profesional ,Empatia,Mucho ,No
2026-08-16 08:50:21.117000,0,"Sí, acepto participar.",Auxiliar o técnico veterinario,26–35 años,Masculino,El Empalme,De 2 a 5 años,No aplica,Regular,Frecuentemente,Muy importante,Historial clínico,Muy útil,Totalmente de acuerdo,Registro manual de pacientes,Búsqueda rápida de pacientes y notificaciones,Ahorro de tiempo y mejor organización,Que permita consultar la información rápidamente
2026-08-16 15:40:30.828000,0,"Sí, acepto participar.",Auxiliar o técnico veterinario,18–25 años,Femenino,Mocache,De 2 a 5 años,No aplica,Buena,Algunas veces,Poco importante,Comunicación con los dueños de mascotas,Útil,Totalmente en desacuerdo,El tiempo o la mala comunicación con los dueños de las mascotas,Un recordatorio para los horarios o vacunas ,Podría ayudar pero sigo negada a utilizar ,Que pongan un recordatorio para las vacunas
2026-08-16 22:00:19.190000,0,"Sí, acepto participar.",Auxiliar o técnico veterinario,18–25 años,Femenino,Cuenca ,De 2 a 5 años,No aplica,Buena,Algunas veces,Poco importante,Comunicación con los dueños de mascotas,Útil,Totalmente en desacuerdo,El tiempo o la mala comunicación con los dueños de las mascotas,Un recordatorio para los horarios o vacunas ,Podría ayudar pero sigo negada a utilizar ,Que pongan un recordatorio para las vacunas
2026-08-17 17:30:31.758000,0,"Sí, acepto participar.",Auxiliar o técnico veterinario,18–25 años,Femenino,El Empalme,Menos de 1 años,No aplica,Regular,Algunas veces,Importante,Inventario de medicamentos,Útil,Neutral,Dificultad para controlar medicamentos,Control de inventario y alertas,Menos errores y mejor control,Que avise cuando un medicamento esté por agotarse
2026-08-18 09:00:43.136000,0,"Sí, acepto participar.",Auxiliar o técnico veterinario,26–35 años,Masculino,Guayaquil,De 2 a 5 años,No aplica,Buena,Frecuentemente,Muy importante,Historial clínico,Muy útil,Totalmente de acuerdo,Registro repetitivo de datos,Ficha digital y búsqueda por nombre,Ahorro de tiempo,Que se pueda usar en computadora y celular
2026-08-18 12:35:52.378000,0,"Sí, acepto participar.",Auxiliar o técnico veterinario,36–45 años,Femenino,El Empalme,De 6 a 10 años,No aplica,Regular,Frecuentemente,Muy importante,Historial clínico,Muy útil,De acuerdo,Historias clínicas incompletas,Ficha clínica digital y alertas,Mejor continuidad de la atención,Que se pueda actualizar fácilmente
2026-08-18 19:05:59.401000,0,"Sí, acepto participar.",Auxiliar o técnico veterinario,18–25 años,Femenino,Cuenca ,De 2 a 5 años,No aplica,Buena,Algunas veces,Poco importante,Comunicación con los dueños de mascotas,Útil,Totalmente en desacuerdo,El tiempo o la mala comunicación con los dueños de las mascotas,Un recordatorio para los horarios o vacunas ,Podría ayudar pero sigo negada a utilizar ,Que pongan un recordatorio para las vacunas
2026-08-18 21:50:31.585000,0,"Sí, acepto participar.",Auxiliar o técnico veterinario,26–35 años,Masculino,El empalme ,De 2 a 5 años,No aplica,Regular,Algunas veces,Neutral,Historial clínico,Útil,Neutral,Al momento de registrar los datos de las mascotas ,Un sistema de notificaciones ,Mejor gestión ,No
2026-08-19 08:15:02.485000,0,"Sí, acepto participar.",Auxiliar o técnico veterinario,18–25 años,Femenino,Quevedo,Menos de 1 años,No aplica,Regular,Algunas veces,Importante,Inventario de medicamentos,Útil,Neutral,Dificultad para controlar medicamentos,Control de inventario y alertas,Menos errores y mejor control,Que avise cuando un medicamento esté por agotarse
2026-08-19 14:30:59.418000,0,"Sí, acepto participar.",Auxiliar o técnico veterinario,26–35 años,Masculino,Quevedo,Menos de 1 años,No aplica,Regular,Algunas veces,Importante,Inventario de medicamentos,Útil,Neutral,La desorganización por muchos documentos sin tener un registro en la nube ,Un sistema con alarma de vacunas de mi mascota ,Mejor control administrativo ,No
2026-08-21 11:45:43.469000,0,"Sí, acepto participar.",Auxiliar o técnico veterinario,18–25 años,Masculino,Quevedo,Menos de 1 años,No aplica,Regular,Algunas veces,Importante,Gestión de citas,Muy útil,De acuerdo,Desorden en la agenda,Calendario compartido y notificaciones,Atención más organizada,Que permita varios usuarios con diferentes permisos
2026-08-21 17:35:56.265000,0,"Sí, acepto participar.",Auxiliar o técnico veterinario,36–45 años,Femenino,Buena Fe,De 6 a 10 años,No aplica,Regular,Frecuentemente,Muy importante,Historial clínico,Muy útil,De acuerdo,Historias clínicas incompletas,Ficha clínica digital y alertas,Mejor continuidad de la atención,Que se pueda actualizar fácilmente
2026-08-22 10:20:05.182000,0,"Sí, acepto participar.",Auxiliar o técnico veterinario,18–25 años,Femenino,Quevedo,Menos de 1 años,No aplica,Regular,Algunas veces,Importante,Inventario de medicamentos,Útil,Neutral,Dificultad para controlar medicamentos,Control de inventario y alertas,Menos errores y mejor control,Que avise cuando un medicamento esté por agotarse
2026-08-22 11:00:50.243000,0,"Sí, acepto participar.",Auxiliar o técnico veterinario,26–35 años,Masculino,El Empalme,De 2 a 5 años,No aplica,Regular,Frecuentemente,Muy importante,Historial clínico,Muy útil,Totalmente de acuerdo,Registro manual de pacientes,Búsqueda rápida de pacientes y notificaciones,Ahorro de tiempo y mejor organización,Que permita consultar la información rápidamente
2026-08-22 15:50:04.597000,0,"Sí, acepto participar.",Auxiliar o técnico veterinario,18–25 años,Femenino,Quevedo,Menos de 1 años,No aplica,Regular,Algunas veces,Importante,Inventario de medicamentos,Útil,Neutral,Dificultad para controlar medicamentos,Control de inventario y alertas,Menos errores y mejor control,Que avise cuando un medicamento esté por agotarse
2026-08-22 17:20:44.029000,0,"Sí, acepto participar.",Auxiliar o técnico veterinario,26–35 años,Masculino,Mocache,De 2 a 5 años,No aplica,Regular,Frecuentemente,Muy importante,Historial clínico,Muy útil,Totalmente de acuerdo,Registro manual de pacientes,Búsqueda rápida de pacientes y notificaciones,Ahorro de tiempo y mejor organización,Que permita consultar la información rápidamente
2026-08-23 17:45:44.832000,0,"Sí, acepto participar.",Auxiliar o técnico veterinario,36–45 años,Femenino,Mocache,De 6 a 10 años,No aplica,Regular,Frecuentemente,Muy importante,Historial clínico,Muy útil,De acuerdo,Historias clínicas incompletas,Ficha clínica digital y alertas,Mejor continuidad de la atención,Que se pueda actualizar fácilmente
2026-08-24 17:30:43.345000,0,"Sí, acepto participar.",Auxiliar o técnico veterinario,26–35 años,Femenino,QUEVEDO ,De 2 a 5 años,No aplica,Regular,Algunas veces,Importante,Gestión de citas,Útil,De acuerdo,La organización de las citas y la comunicación con los dueños de las mascotas.,"Historial clínico digital, agenda de citas y recordatorios automáticos.","Confirmación automática de citas, notificaciones por WhatsApp y registro de vacunas.",Que sea fácil de usar y funcione desde el celular.
2026-08-26 08:50:51.407000,0,"Sí, acepto participar.",Auxiliar o técnico veterinario,18–25 años,Femenino,Cuenca ,De 2 a 5 años,No aplica,Buena,Algunas veces,Poco importante,Comunicación con los dueños de mascotas,Útil,Totalmente en desacuerdo,El tiempo o la mala comunicación con los dueños de las mascotas,Un recordatorio para los horarios o vacunas ,Podría ayudar pero sigo negada a utilizar ,Que pongan un recordatorio para las vacunas
2026-08-26 16:25:36.240000,0,"Sí, acepto participar.",Auxiliar o técnico veterinario,18–25 años,Femenino,Quevedo,Menos de 1 años,No aplica,Regular,Algunas veces,Importante,Inventario de medicamentos,Útil,Neutral,Dificultad para controlar medicamentos,Control de inventario y alertas,Menos errores y mejor control,Que avise cuando un medicamento esté por agotarse
2026-08-27 14:25:22.854000,0,"Sí, acepto participar.",Auxiliar o técnico veterinario,18–25 años,Femenino,Quevedo,Menos de 1 años,No aplica,Regular,Algunas veces,Importante,Inventario de medicamentos,Útil,Neutral,Dificultad para controlar medicamentos,Control de inventario y alertas,Menos errores y mejor control,Que avise cuando un medicamento esté por agotarse
2026-08-27 17:15:34.105000,0,"Sí, acepto participar.",Auxiliar o técnico veterinario,18–25 años,Masculino,Quevedo,Menos de 1 años,No aplica,Regular,Algunas veces,Importante,Gestión de citas,Muy útil,De acuerdo,Desorden en la agenda,Calendario compartido y notificaciones,Atención más organizada,Que permita varios usuarios con diferentes permisos
2026-08-28 08:10:51.004000,0,"Sí, acepto participar.",Auxiliar o técnico veterinario,26–35 años,Femenino,El Empalme,De 2 a 5 años,No aplica,Regular,Algunas veces,Importante,Gestión de citas,Útil,De acuerdo,La organización de las citas y la comunicación con los dueños de las mascotas.,"Historial clínico digital, agenda de citas y recordatorios automáticos.","Confirmación automática de citas, notificaciones por WhatsApp y registro de vacunas.",Que sea fácil de usar y funcione desde el celular.
2026-08-29 11:40:07.393000,0,"Sí, acepto participar.",Auxiliar o técnico veterinario,18–25 años,Masculino,Quevedo,Menos de 1 años,No aplica,Regular,Algunas veces,Importante,Gestión de citas,Muy útil,De acuerdo,Desorden en la agenda,Calendario compartido y notificaciones,Atención más organizada,Que permita varios usuarios con diferentes permisos
2026-08-29 18:10:45.933000,0,"Sí, acepto participar.",Auxiliar o técnico veterinario,18–25 años,Femenino,Quevedo,Menos de 1 años,No aplica,Regular,Algunas veces,Importante,Inventario de medicamentos,Útil,Neutral,Dificultad para controlar medicamentos,Control de inventario y alertas,Menos errores y mejor control,Que avise cuando un medicamento esté por agotarse
2026-08-30 10:20:41.119000,0,"Sí, acepto participar.",Auxiliar o técnico veterinario,18–25 años,Femenino,Quevedo,Menos de 1 años,No aplica,Regular,Algunas veces,Importante,Inventario de medicamentos,Útil,Neutral,Dificultad para controlar medicamentos,Control de inventario y alertas,Menos errores y mejor control,Que avise cuando un medicamento esté por agotarse
2026-08-31 13:15:35.110000,0,"Sí, acepto participar.",Auxiliar o técnico veterinario,18–25 años,Femenino,Buena Fe,Menos de 1 años,No aplica,Regular,Algunas veces,Importante,Inventario de medicamentos,Útil,Neutral,Dificultad para controlar medicamentos,Control de inventario y alertas,Menos errores y mejor control,Que avise cuando un medicamento esté por agotarse
2026-07-27 17:35:08.208000,0,"Sí, acepto participar.",Administrador(a) de clínica veterinaria,18–25 años,Masculino,El empalme ,Menos de 1 años,2,Regular,Algunas veces,Poco importante,Historial clínico,Útil,De acuerdo,Poco atención ,Sala de espera ,Mas publicidad ,Mejor sistema 
2026-07-28 16:15:31.910000,0,"Sí, acepto participar.",Administrador(a) de clínica veterinaria,36–45 años,Femenino,Guayaquil,De 6 a 10 años,3 o más,Buena,Algunas veces,Muy importante,Facturación,Muy útil,De acuerdo,Control administrativo y de inventario,"Facturación, inventario y agenda",Mejor control de recursos,Que tenga reportes claros para la administración
2026-07-29 11:45:37.903000,0,"Sí, acepto participar.",Administrador(a) de clínica veterinaria,46–55 años,Masculino,El Empalme,Más de 10 años,3 o más,Buena,Frecuentemente,Muy importante,Facturación,Muy útil,De acuerdo,Procesos administrativos lentos,Facturación e informes automáticos,Mayor eficiencia administrativa,Que tenga copias de seguridad
2026-07-30 13:55:12.445000,0,"Sí, acepto participar.",Administrador(a) de clínica veterinaria,46–55 años,Masculino,El Empalme,Más de 10 años,3 o más,Buena,Frecuentemente,Muy importante,Facturación,Muy útil,De acuerdo,Procesos administrativos lentos,Facturación e informes automáticos,Mayor eficiencia administrativa,Que tenga copias de seguridad
2026-07-30 21:15:00.218000,0,"Sí, acepto participar.",Administrador(a) de clínica veterinaria,26–35 años,Masculino,El Empalme,De 2 a 5 años,2,Buena,Algunas veces,Muy importante,Inventario de medicamentos,Muy útil,Totalmente de acuerdo,Falta de control de inventario,Inventario automático y reportes,Reducción de pérdidas y mejor administración,Que genere reportes mensuales
2026-07-31 10:45:09.096000,0,"Sí, acepto participar.",Administrador(a) de clínica veterinaria,26–35 años,Masculino,El Empalme,De 2 a 5 años,2,Buena,Algunas veces,Muy importante,Inventario de medicamentos,Muy útil,Totalmente de acuerdo,Falta de control de inventario,Inventario automático y reportes,Reducción de pérdidas y mejor administración,Que genere reportes mensuales
2026-07-31 18:40:25.715000,0,"Sí, acepto participar.",Administrador(a) de clínica veterinaria,18–25 años,Masculino,El empalme ,Menos de 1 años,2,Regular,Algunas veces,Poco importante,Historial clínico,Útil,De acuerdo,Poco atención ,Sala de espera ,Mas publicidad ,Mejor sistema 
2026-07-31 18:45:23.508000,0,"Sí, acepto participar.",Administrador(a) de clínica veterinaria,18–25 años,Masculino,El Empalme,Menos de 1 años,2,Regular,Algunas veces,Poco importante,Historial clínico,Útil,De acuerdo,Poco atención ,Sala de espera ,Mas publicidad ,Mejor sistema 
2026-07-31 19:15:21.275000,0,"Sí, acepto participar.",Administrador(a) de clínica veterinaria,36–45 años,Femenino,Guayaquil,De 6 a 10 años,3 o más,Buena,Algunas veces,Muy importante,Facturación,Muy útil,De acuerdo,Control administrativo y de inventario,"Facturación, inventario y agenda",Mejor control de recursos,Que tenga reportes claros para la administración
2026-08-01 10:00:50.466000,0,"Sí, acepto participar.",Administrador(a) de clínica veterinaria,26–35 años,Femenino,Quevedo,De 2 a 5 años,3 o más,Buena,Algunas veces,Muy importante,Inventario de medicamentos,Muy útil,Totalmente de acuerdo,Errores en registros administrativos,"Inventario, facturación y reportes",Mejor control de la clínica,Que integre las áreas de la clínica
2026-08-04 09:10:51.157000,0,"Sí, acepto participar.",Administrador(a) de clínica veterinaria,18–25 años,Masculino,El empalme ,Menos de 1 años,2,Regular,Algunas veces,Poco importante,Historial clínico,Útil,De acuerdo,Poco atención ,Sala de espera ,Mas publicidad ,Mejor sistema 
2026-08-04 11:45:09.666000,0,"Sí, acepto participar.",Administrador(a) de clínica veterinaria,46–55 años,Masculino,Guayaquil,Más de 10 años,3 o más,Buena,Frecuentemente,Muy importante,Facturación,Muy útil,De acuerdo,Procesos administrativos lentos,Facturación e informes automáticos,Mayor eficiencia administrativa,Que tenga copias de seguridad
2026-08-04 13:20:18.529000,0,"Sí, acepto participar.",Administrador(a) de clínica veterinaria,26–35 años,Femenino,Quevedo,De 2 a 5 años,3 o más,Buena,Algunas veces,Muy importante,Inventario de medicamentos,Muy útil,Totalmente de acuerdo,Errores en registros administrativos,"Inventario, facturación y reportes",Mejor control de la clínica,Que integre las áreas de la clínica
2026-08-05 17:50:29.125000,0,"Sí, acepto participar.",Administrador(a) de clínica veterinaria,46–55 años,Masculino,Mocache,Más de 10 años,3 o más,Buena,Frecuentemente,Muy importante,Facturación,Muy útil,De acuerdo,Procesos administrativos lentos,Facturación e informes automáticos,Mayor eficiencia administrativa,Que tenga copias de seguridad
2026-08-06 07:10:47.498000,0,"Sí, acepto participar.",Administrador(a) de clínica veterinaria,36–45 años,Femenino,Guayaquil,De 6 a 10 años,3 o más,Buena,Algunas veces,Muy importante,Facturación,Muy útil,De acuerdo,Control administrativo y de inventario,"Facturación, inventario y agenda",Mejor control de recursos,Que tenga reportes claros para la administración
2026-08-06 17:40:13.849000,0,"Sí, acepto participar.",Administrador(a) de clínica veterinaria,26–35 años,Femenino,Quevedo,De 2 a 5 años,3 o más,Buena,Algunas veces,Muy importante,Inventario de medicamentos,Muy útil,Totalmente de acuerdo,Errores en registros administrativos,"Inventario, facturación y reportes",Mejor control de la clínica,Que integre las áreas de la clínica
2026-08-07 15:45:04.096000,0,"Sí, acepto participar.",Administrador(a) de clínica veterinaria,46–55 años,Masculino,Guayaquil,Más de 10 años,3 o más,Buena,Frecuentemente,Muy importante,Facturación,Muy útil,De acuerdo,Procesos administrativos lentos,Facturación e informes automáticos,Mayor eficiencia administrativa,Que tenga copias de seguridad
2026-08-07 21:20:42.736000,0,"Sí, acepto participar.",Administrador(a) de clínica veterinaria,46–55 años,Masculino,El Empalme,Más de 10 años,3 o más,Buena,Frecuentemente,Muy importante,Facturación,Muy útil,De acuerdo,Procesos administrativos lentos,Facturación e informes automáticos,Mayor eficiencia administrativa,Que tenga copias de seguridad
2026-08-08 08:30:59.031000,0,"Sí, acepto participar.",Administrador(a) de clínica veterinaria,18–25 años,Masculino,El empalme ,Menos de 1 años,2,Regular,Algunas veces,Poco importante,Historial clínico,Útil,De acuerdo,Poco atención ,Sala de espera ,Mas publicidad ,Mejor sistema 
2026-08-08 16:35:31.615000,0,"Sí, acepto participar.",Administrador(a) de clínica veterinaria,26–35 años,Masculino,El Empalme,De 2 a 5 años,2,Buena,Algunas veces,Muy importante,Inventario de medicamentos,Muy útil,Totalmente de acuerdo,Falta de control de inventario,Inventario automático y reportes,Reducción de pérdidas y mejor administración,Que genere reportes mensuales
2026-08-11 12:00:40.592000,0,"Sí, acepto participar.",Administrador(a) de clínica veterinaria,26–35 años,Femenino,Quevedo,De 2 a 5 años,3 o más,Buena,Algunas veces,Muy importante,Inventario de medicamentos,Muy útil,Totalmente de acuerdo,Errores en registros administrativos,"Inventario, facturación y reportes",Mejor control de la clínica,Que integre las áreas de la clínica
2026-08-12 13:00:06.311000,0,"Sí, acepto participar.",Administrador(a) de clínica veterinaria,26–35 años,Masculino,El Empalme,De 2 a 5 años,2,Buena,Algunas veces,Muy importante,Inventario de medicamentos,Muy útil,Totalmente de acuerdo,Falta de control de inventario,Inventario automático y reportes,Reducción de pérdidas y mejor administración,Que genere reportes mensuales
2026-08-14 16:55:28.244000,0,"Sí, acepto participar.",Administrador(a) de clínica veterinaria,36–45 años,Femenino,Buena Fe,De 6 a 10 años,3 o más,Buena,Algunas veces,Muy importante,Facturación,Muy útil,De acuerdo,Control administrativo y de inventario,"Facturación, inventario y agenda",Mejor control de recursos,Que tenga reportes claros para la administración
2026-08-15 16:50:45.718000,0,"Sí, acepto participar.",Administrador(a) de clínica veterinaria,26–35 años,Masculino,El Empalme,De 2 a 5 años,2,Buena,Algunas veces,Muy importante,Inventario de medicamentos,Muy útil,Totalmente de acuerdo,Falta de control de inventario,Inventario automático y reportes,Reducción de pérdidas y mejor administración,Que genere reportes mensuales
2026-08-16 07:10:28.302000,0,"Sí, acepto participar.",Administrador(a) de clínica veterinaria,46–55 años,Masculino,Guayaquil,Más de 10 años,3 o más,Buena,Frecuentemente,Muy importante,Facturación,Muy útil,De acuerdo,Procesos administrativos lentos,Facturación e informes automáticos,Mayor eficiencia administrativa,Que tenga copias de seguridad
2026-08-17 12:35:27.333000,0,"Sí, acepto participar.",Administrador(a) de clínica veterinaria,18–25 años,Masculino,El Empalme,Menos de 1 años,2,Regular,Algunas veces,Poco importante,Historial clínico,Útil,De acuerdo,Poco atención ,Sala de espera ,Mas publicidad ,Mejor sistema 
2026-08-17 17:40:36.685000,0,"Sí, acepto participar.",Administrador(a) de clínica veterinaria,18–25 años,Masculino,Buena Fe,Menos de 1 años,2,Regular,Algunas veces,Poco importante,Historial clínico,Útil,De acuerdo,Poco atención ,Sala de espera ,Mas publicidad ,Mejor sistema 
2026-08-17 19:05:01.427000,0,"Sí, acepto participar.",Administrador(a) de clínica veterinaria,36–45 años,Femenino,Guayaquil,De 6 a 10 años,3 o más,Buena,Algunas veces,Muy importante,Facturación,Muy útil,De acuerdo,Control administrativo y de inventario,"Facturación, inventario y agenda",Mejor control de recursos,Que tenga reportes claros para la administración
2026-08-18 09:00:32.286000,0,"Sí, acepto participar.",Administrador(a) de clínica veterinaria,36–45 años,Femenino,Guayaquil,De 6 a 10 años,3 o más,Buena,Algunas veces,Muy importante,Facturación,Muy útil,De acuerdo,Control administrativo y de inventario,"Facturación, inventario y agenda",Mejor control de recursos,Que tenga reportes claros para la administración
2026-08-18 10:05:51.490000,0,"Sí, acepto participar.",Administrador(a) de clínica veterinaria,26–35 años,Femenino,Quevedo,De 2 a 5 años,3 o más,Buena,Algunas veces,Muy importante,Inventario de medicamentos,Muy útil,Totalmente de acuerdo,Errores en registros administrativos,"Inventario, facturación y reportes",Mejor control de la clínica,Que integre las áreas de la clínica
2026-08-18 11:25:26.771000,0,"Sí, acepto participar.",Administrador(a) de clínica veterinaria,18–25 años,Masculino,El Empalme,Menos de 1 años,2,Regular,Algunas veces,Poco importante,Historial clínico,Útil,De acuerdo,Poco atención ,Sala de espera ,Mas publicidad ,Mejor sistema 
2026-08-18 13:40:16.837000,0,"Sí, acepto participar.",Administrador(a) de clínica veterinaria,26–35 años,Femenino,Quevedo,De 2 a 5 años,3 o más,Buena,Algunas veces,Muy importante,Inventario de medicamentos,Muy útil,Totalmente de acuerdo,Errores en registros administrativos,"Inventario, facturación y reportes",Mejor control de la clínica,Que integre las áreas de la clínica
2026-08-18 20:00:21.689000,0,"Sí, acepto participar.",Administrador(a) de clínica veterinaria,26–35 años,Femenino,Quevedo,De 2 a 5 años,3 o más,Buena,Algunas veces,Muy importante,Inventario de medicamentos,Muy útil,Totalmente de acuerdo,Errores en registros administrativos,"Inventario, facturación y reportes",Mejor control de la clínica,Que integre las áreas de la clínica
2026-08-19 09:20:06.801000,0,"Sí, acepto participar.",Administrador(a) de clínica veterinaria,36–45 años,Femenino,Guayaquil,De 6 a 10 años,3 o más,Buena,Algunas veces,Muy importante,Facturación,Muy útil,De acuerdo,Control administrativo y de inventario,"Facturación, inventario y agenda",Mejor control de recursos,Que tenga reportes claros para la administración
2026-08-19 22:10:10.846000,0,"Sí, acepto participar.",Administrador(a) de clínica veterinaria,36–45 años,Femenino,Guayaquil,De 6 a 10 años,3 o más,Buena,Algunas veces,Muy importante,Facturación,Muy útil,De acuerdo,Control administrativo y de inventario,"Facturación, inventario y agenda",Mejor control de recursos,Que tenga reportes claros para la administración
2026-08-19 22:45:36.757000,0,"Sí, acepto participar.",Administrador(a) de clínica veterinaria,36–45 años,Femenino,Guayaquil,De 6 a 10 años,3 o más,Buena,Algunas veces,Muy importante,Facturación,Muy útil,De acuerdo,Control administrativo y de inventario,"Facturación, inventario y agenda",Mejor control de recursos,Que tenga reportes claros para la administración
2026-08-20 19:25:27.686000,0,"Sí, acepto participar.",Administrador(a) de clínica veterinaria,26–35 años,Masculino,El Empalme,De 2 a 5 años,2,Buena,Algunas veces,Muy importante,Inventario de medicamentos,Muy útil,Totalmente de acuerdo,Falta de control de inventario,Inventario automático y reportes,Reducción de pérdidas y mejor administración,Que genere reportes mensuales
2026-08-21 09:55:42.440000,0,"Sí, acepto participar.",Administrador(a) de clínica veterinaria,18–25 años,Masculino,El empalme ,Menos de 1 años,2,Regular,Algunas veces,Poco importante,Historial clínico,Útil,De acuerdo,Poco atención ,Sala de espera ,Mas publicidad ,Mejor sistema 
2026-08-21 12:00:30.398000,0,"Sí, acepto participar.",Administrador(a) de clínica veterinaria,46–55 años,Masculino,Guayaquil,Más de 10 años,3 o más,Buena,Frecuentemente,Muy importante,Facturación,Muy útil,De acuerdo,Procesos administrativos lentos,Facturación e informes automáticos,Mayor eficiencia administrativa,Que tenga copias de seguridad
2026-08-21 20:20:35.212000,0,"Sí, acepto participar.",Administrador(a) de clínica veterinaria,26–35 años,Masculino,Buena Fe,De 2 a 5 años,2,Buena,Algunas veces,Muy importante,Inventario de medicamentos,Muy útil,Totalmente de acuerdo,Falta de control de inventario,Inventario automático y reportes,Reducción de pérdidas y mejor administración,Que genere reportes mensuales
2026-08-22 16:05:47.070000,0,"Sí, acepto participar.",Administrador(a) de clínica veterinaria,36–45 años,Femenino,Guayaquil,De 6 a 10 años,3 o más,Buena,Algunas veces,Muy importante,Facturación,Muy útil,De acuerdo,Control administrativo y de inventario,"Facturación, inventario y agenda",Mejor control de recursos,Que tenga reportes claros para la administración
2026-08-23 16:25:39.786000,0,"Sí, acepto participar.",Administrador(a) de clínica veterinaria,46–55 años,Masculino,Quevedo,Más de 10 años,3 o más,Buena,Frecuentemente,Muy importante,Facturación,Muy útil,De acuerdo,Procesos administrativos lentos,Facturación e informes automáticos,Mayor eficiencia administrativa,Que tenga copias de seguridad
2026-08-23 21:50:04.549000,0,"Sí, acepto participar.",Administrador(a) de clínica veterinaria,18–25 años,Masculino,El empalme ,Menos de 1 años,2,Regular,Algunas veces,Poco importante,Historial clínico,Útil,De acuerdo,Poco atención ,Sala de espera ,Mas publicidad ,Mejor sistema 
2026-08-24 08:35:26.498000,0,"Sí, acepto participar.",Administrador(a) de clínica veterinaria,46–55 años,Masculino,Quevedo,Más de 10 años,3 o más,Buena,Frecuentemente,Muy importante,Facturación,Muy útil,De acuerdo,Procesos administrativos lentos,Facturación e informes automáticos,Mayor eficiencia administrativa,Que tenga copias de seguridad
2026-08-24 12:40:56.873000,0,"Sí, acepto participar.",Administrador(a) de clínica veterinaria,46–55 años,Masculino,Guayaquil,Más de 10 años,3 o más,Buena,Frecuentemente,Muy importante,Facturación,Muy útil,De acuerdo,Procesos administrativos lentos,Facturación e informes automáticos,Mayor eficiencia administrativa,Que tenga copias de seguridad
2026-08-24 22:20:53.645000,0,"Sí, acepto participar.",Administrador(a) de clínica veterinaria,18–25 años,Masculino,Mocache,Menos de 1 años,2,Regular,Algunas veces,Poco importante,Historial clínico,Útil,De acuerdo,Poco atención ,Sala de espera ,Mas publicidad ,Mejor sistema 
2026-08-25 14:40:59.181000,0,"Sí, acepto participar.",Administrador(a) de clínica veterinaria,36–45 años,Femenino,Guayaquil,De 6 a 10 años,3 o más,Buena,Algunas veces,Muy importante,Facturación,Muy útil,De acuerdo,Control administrativo y de inventario,"Facturación, inventario y agenda",Mejor control de recursos,Que tenga reportes claros para la administración
2026-08-25 17:15:35.808000,0,"Sí, acepto participar.",Administrador(a) de clínica veterinaria,36–45 años,Femenino,Guayaquil,De 6 a 10 años,3 o más,Buena,Algunas veces,Muy importante,Facturación,Muy útil,De acuerdo,Control administrativo y de inventario,"Facturación, inventario y agenda",Mejor control de recursos,Que tenga reportes claros para la administración
2026-08-26 18:10:15.751000,0,"Sí, acepto participar.",Administrador(a) de clínica veterinaria,26–35 años,Femenino,Quevedo,De 2 a 5 años,3 o más,Buena,Algunas veces,Muy importante,Inventario de medicamentos,Muy útil,Totalmente de acuerdo,Errores en registros administrativos,"Inventario, facturación y reportes",Mejor control de la clínica,Que integre las áreas de la clínica
2026-08-26 19:30:18.472000,0,"Sí, acepto participar.",Administrador(a) de clínica veterinaria,46–55 años,Masculino,Guayaquil,Más de 10 años,3 o más,Buena,Frecuentemente,Muy importante,Facturación,Muy útil,De acuerdo,Procesos administrativos lentos,Facturación e informes automáticos,Mayor eficiencia administrativa,Que tenga copias de seguridad
2026-08-26 21:50:04.782000,0,"Sí, acepto participar.",Administrador(a) de clínica veterinaria,26–35 años,Masculino,El Empalme,De 2 a 5 años,2,Buena,Algunas veces,Muy importante,Inventario de medicamentos,Muy útil,Totalmente de acuerdo,Falta de control de inventario,Inventario automático y reportes,Reducción de pérdidas y mejor administración,Que genere reportes mensuales
2026-08-27 08:20:35.820000,0,"Sí, acepto participar.",Administrador(a) de clínica veterinaria,26–35 años,Masculino,El Empalme,De 2 a 5 años,2,Buena,Algunas veces,Muy importante,Inventario de medicamentos,Muy útil,Totalmente de acuerdo,Falta de control de inventario,Inventario automático y reportes,Reducción de pérdidas y mejor administración,Que genere reportes mensuales
2026-08-27 09:25:07.130000,0,"Sí, acepto participar.",Administrador(a) de clínica veterinaria,26–35 años,Femenino,Quevedo,De 2 a 5 años,3 o más,Buena,Algunas veces,Muy importante,Inventario de medicamentos,Muy útil,Totalmente de acuerdo,Errores en registros administrativos,"Inventario, facturación y reportes",Mejor control de la clínica,Que integre las áreas de la clínica
2026-08-30 13:55:39.531000,0,"Sí, acepto participar.",Administrador(a) de clínica veterinaria,26–35 años,Masculino,El Empalme,De 2 a 5 años,2,Buena,Algunas veces,Muy importante,Inventario de medicamentos,Muy útil,Totalmente de acuerdo,Falta de control de inventario,Inventario automático y reportes,Reducción de pérdidas y mejor administración,Que genere reportes mensuales
2026-08-31 11:30:07.279000,0,"Sí, acepto participar.",Administrador(a) de clínica veterinaria,26–35 años,Masculino,El Empalme,De 2 a 5 años,2,Buena,Algunas veces,Muy importante,Inventario de medicamentos,Muy útil,Totalmente de acuerdo,Falta de control de inventario,Inventario automático y reportes,Reducción de pérdidas y mejor administración,Que genere reportes mensuales
2026-08-31 18:20:06.250000,0,"Sí, acepto participar.",Administrador(a) de clínica veterinaria,46–55 años,Masculino,Guayaquil,Más de 10 años,3 o más,Buena,Frecuentemente,Muy importante,Facturación,Muy útil,De acuerdo,Procesos administrativos lentos,Facturación e informes automáticos,Mayor eficiencia administrativa,Que tenga copias de seguridad
2026-07-27 09:38:53.685000,0,"Sí, acepto participar.",Dueño(a) de mascota,18–25 años,Masculino,El empalme ,No aplica,1,Muy mala,Rara vez,Neutral,Historial clínico,Neutral,En desacuerdo,Buscar el historior de mi mascota ,mejor atención ,mas rapida y menos caotica ,que sea muy bien diseñado 
2026-07-27 14:48:37.747000,0,"Sí, acepto participar.",Dueño(a) de mascota,18–25 años,Masculino,Quevedo,No aplica,1,Muy mala,Nunca,Nada importante,Gestión de citas,Nada útil,Totalmente en desacuerdo,F,Gg,Tt,I uh h
2026-07-27 19:42:46.831000,0,"Sí, acepto participar.",Dueño(a) de mascota,18–25 años,Femenino,El empalme ,No aplica,No aplica,Buena,Rara vez,Importante,Comunicación con los dueños de mascotas,Útil,De acuerdo,"No hay comunicación con el dueño de la mascota, puede ser. ",Atención al cliente ,Para poder mejorar sus recursos ,No lo sé 
2026-07-27 20:34:57.381000,0,"Sí, acepto participar.",Dueño(a) de mascota,18–25 años,Masculino,El Empalme ,Menos de 1 años,1,Regular,Algunas veces,Importante,Inventario de medicamentos,Útil,De acuerdo,Falta de conocimiento en algunos aspectos ,Asesoramiento ,Mayor facilidad en el sistema de control ,Se puede tener un mayor asesoramiento en medicamentos adecuados 
2026-07-28 09:40:24.470000,0,"Sí, acepto participar.",Dueño(a) de mascota,36–45 años,Masculino,Quevedo,No aplica,2,Regular,Algunas veces,Importante,Gestión de citas,Muy útil,De acuerdo,Falta de disponibilidad de horarios,Reserva de citas en línea,Menos tiempo de espera,Que muestre horarios disponibles en tiempo real
2026-07-31 17:30:41.688000,0,"Sí, acepto participar.",Dueño(a) de mascota,18–25 años,Femenino,El Empalme,No aplica,1,Regular,Algunas veces,Importante,Comunicación con los dueños de mascotas,Muy útil,De acuerdo,Falta de información sobre tratamientos,Recordatorios de vacunas y citas,Mayor seguimiento de la mascota,Que envíe avisos fáciles de entender
2026-08-01 20:30:39.825000,0,"Sí, acepto participar.",Dueño(a) de mascota,18–25 años,Masculino,Buena Fe,No aplica,1,Muy mala,Rara vez,Neutral,Historial clínico,Neutral,En desacuerdo,Buscar el historior de mi mascota ,mejor atención ,mas rapida y menos caotica ,que sea muy bien diseñado 
2026-08-02 11:00:56.231000,0,"Sí, acepto participar.",Dueño(a) de mascota,36–45 años,Femenino,Buena Fe,No aplica,2,Buena,Algunas veces,Importante,Comunicación con los dueños de mascotas,Útil,Totalmente en desacuerdo,Q no hay muchas clínicas de mascotas ,Q haya un buen inventario para mejorar ,Ningún beneficio ,No ninguno 
2026-08-02 12:00:37.004000,0,"Sí, acepto participar.",Dueño(a) de mascota,36–45 años,Masculino,EL EMPALME ,No aplica,3 o más,Muy mala,Frecuentemente,Importante,Comunicación con los dueños de mascotas,Muy útil,Totalmente de acuerdo,LA INFORMACIÓN HACIA LOS DUEÑOS DE MASCOTAS ,INFORMACIÓN Y ATENCION MEDIANTE CITAS O CONSULTAS ,"Aporta con información relevante acerca de posibles diagnósticosproblemas medicos con los mascotas, citas a usuarios e información a la comunidad ","Socializar con la comunidad acerca de prevención de enfermedades recurrentes, desparasitación, vacunación y tratamiento que beneficie a las mascotas para que estén saludables "
2026-08-02 13:20:18.672000,0,"Sí, acepto participar.",Dueño(a) de mascota,26–35 años,Femenino,El Empalme,No aplica,2,Buena,Rara vez,Muy importante,Comunicación con los dueños de mascotas,Muy útil,Totalmente de acuerdo,Falta de recordatorios,Notificaciones de vacunas y tratamientos,Mayor cumplimiento de los tratamientos,Que las notificaciones lleguen a tiempo
2026-08-02 13:36:54.192000,0,"Sí, acepto participar.",Dueño(a) de mascota,18–25 años,Femenino,El empalme ,No aplica,2,Mala,Algunas veces,Neutral,Comunicación con los dueños de mascotas,Muy útil,De acuerdo,El registro de mi mascota ,Alarma que me avise de mi control de mascotas ,Mucho ,No
2026-08-02 13:46:11.907000,0,"Sí, acepto participar.",Dueño(a) de mascota,26–35 años,Masculino,Quevedo ,No aplica,1,Mala,Rara vez,Neutral,Comunicación con los dueños de mascotas,Útil,Neutral,El registro de mi mascota ,Alarma de próxima citas ,Bueno nosé no es mi área ,No 
2026-08-02 14:46:29.730000,0,"Sí, acepto participar.",Dueño(a) de mascota,26–35 años,Masculino,Velasco Ibarra ,No aplica,1,Buena,Rara vez,Muy importante,Historial clínico,Muy útil,Totalmente de acuerdo,Un mal historial clínico ,"Historial clínico, historial de patologías, epidemiólogia, fármacos disponibles en la localidad ",Mayor agilidad en la atención ,Na 
2026-08-02 15:05:04.923000,0,"Sí, acepto participar.",Dueño(a) de mascota,18–25 años,Masculino,Quevedo,No aplica,1,Muy mala,Nunca,Nada importante,Gestión de citas,Nada útil,Totalmente en desacuerdo,F,Gg,Tt,I uh h
2026-08-02 16:42:01.818000,0,"Sí, acepto participar.",Dueño(a) de mascota,18–25 años,Femenino,El empalme ,De 2 a 5 años,3 o más,Buena,Algunas veces,Importante,Historial clínico,Útil,De acuerdo,Cuidado en animales ,Mejor trato,Mejor atención ,No
2026-08-02 16:42:15.285000,0,"Sí, acepto participar.",Dueño(a) de mascota,18–25 años,Femenino,El Empalme,De 2 a 5 años,2,Buena,Frecuentemente,Importante,Facturación,Neutral,Neutral,La atencion al cliente ,Que sea mas tecnologíco ,En muchos habitos con el las sugerencias a medicinas,Que sea facil de usar
2026-08-02 16:49:58.966000,0,"Sí, acepto participar.",Dueño(a) de mascota,18–25 años,Masculino,Manta,Menos de 1 años,1,Regular,Algunas veces,Neutral,Inventario de medicamentos,Neutral,Neutral,La gente que no tienen atención al cliente adecuada ,Una interfaz bastante intuitiva ,Facilitaría varias cosas ,No
2026-08-02 16:50:49.650000,0,"Sí, acepto participar.",Dueño(a) de mascota,36–45 años,Femenino,El Empalme ,No aplica,2,Buena,Algunas veces,Importante,Comunicación con los dueños de mascotas,Útil,Totalmente en desacuerdo,Q no hay muchas clínicas de mascotas ,Q haya un buen inventario para mejorar ,Ningún beneficio ,No ninguno 
2026-08-02 16:50:50.450000,0,"Sí, acepto participar.",Dueño(a) de mascota,18–25 años,Femenino,El Empalme ,No aplica,2,Regular,Rara vez,Importante,Inventario de medicamentos,Muy útil,Neutral,El mal servicio hacia el cliente ,"Agenda, historial clínico e inventario",Optimización y mejor atención.,Automatización administrativa con supervisión humana.
2026-08-02 17:16:30.595000,0,"Sí, acepto participar.",Dueño(a) de mascota,26–35 años,Masculino,Quevedo,No aplica,3 o más,Mala,Algunas veces,Neutral,Comunicación con los dueños de mascotas,Poco útil,En desacuerdo,La información de los pacientes está dispersa y se pierde tiempo buscando historiales.,"Historial clínico digital, agenda de citas y recordatorios automáticos.",Agilizaría los diagnósticos y reduciría errores administrativos.,Que sea fácil de usar y funcione desde el celular.
2026-08-02 17:20:50.315000,0,"Sí, acepto participar.",Dueño(a) de mascota,18–25 años,Femenino,El Empalme,No aplica,2,Regular,Frecuentemente,Neutral,Gestión de citas,Útil,De acuerdo,La demora en registrar la información durante la consulta.,"Registro rápido de consultas, búsqueda de pacientes y emisión de recetas.",Ahorraría tiempo y permitiría brindar una atención más eficiente.,Que el sistema pueda utilizarse incluso con conexiones lentas a Internet.
2026-08-03 19:35:50.995000,0,"Sí, acepto participar.",Dueño(a) de mascota,36–45 años,Masculino,Buena Fe,No aplica,3 o más,Muy mala,Frecuentemente,Importante,Comunicación con los dueños de mascotas,Muy útil,Totalmente de acuerdo,LA INFORMACIÓN HACIA LOS DUEÑOS DE MASCOTAS ,INFORMACIÓN Y ATENCION MEDIANTE CITAS O CONSULTAS ,"Aporta con información relevante acerca de posibles diagnósticosproblemas medicos con los mascotas, citas a usuarios e información a la comunidad ","Socializar con la comunidad acerca de prevención de enfermedades recurrentes, desparasitación, vacunación y tratamiento que beneficie a las mascotas para que estén saludables "
2026-08-05 19:15:35.676000,0,"Sí, acepto participar.",Dueño(a) de mascota,26–35 años,Masculino,Buena Fe,No aplica,1,Muy buena,Rara vez,Importante,Comunicación con los dueños de mascotas,Útil,Neutral,Dificultad para contactar a la clínica,Mensajería y consultas,Comunicación más directa,Que tenga atención clara y oportuna
2026-08-07 16:30:16.864000,0,"Sí, acepto participar.",Dueño(a) de mascota,18–25 años,Masculino,Buena Fe,No aplica,1,Regular,Rara vez,Importante,Gestión de citas,Muy útil,De acuerdo,Esperas largas para conseguir una cita,Agenda en línea y recordatorios,Facilitar la reserva de citas,Que permita elegir horarios disponibles
2026-08-09 14:20:48.595000,0,"Sí, acepto participar.",Dueño(a) de mascota,26–35 años,Masculino,Quevedo,No aplica,2,Buena,Rara vez,Importante,Gestión de citas,Útil,De acuerdo,Olvido de citas y vacunas,Recordatorios de citas y vacunas,Más comodidad para los propietarios,Que sea accesible desde el celular
2026-08-09 21:15:55.183000,0,"Sí, acepto participar.",Dueño(a) de mascota,18–25 años,Masculino,Quevedo,No aplica,2,Buena,Rara vez,Muy importante,Historial clínico,Muy útil,De acuerdo,No conocer los antecedentes de la mascota,Acceso al historial y vacunas,Mayor seguridad en la atención,Que la información esté disponible cuando se necesite
2026-08-10 19:50:27.325000,0,"Sí, acepto participar.",Dueño(a) de mascota,26–35 años,Masculino,Quevedo,No aplica,3 o más,Mala,Algunas veces,Neutral,Comunicación con los dueños de mascotas,Poco útil,En desacuerdo,La información de los pacientes está dispersa y se pierde tiempo buscando historiales.,"Historial clínico digital, agenda de citas y recordatorios automáticos.",Agilizaría los diagnósticos y reduciría errores administrativos.,Que sea fácil de usar y funcione desde el celular.
2026-08-11 09:55:46.073000,0,"Sí, acepto participar.",Dueño(a) de mascota,18–25 años,Masculino,Manta,Menos de 1 años,1,Regular,Algunas veces,Neutral,Inventario de medicamentos,Neutral,Neutral,La gente que no tienen atención al cliente adecuada ,Una interfaz bastante intuitiva ,Facilitaría varias cosas ,No
2026-08-11 14:55:09.220000,0,"Sí, acepto participar.",Dueño(a) de mascota,18–25 años,Femenino,El empalme ,No aplica,No aplica,Buena,Rara vez,Importante,Comunicación con los dueños de mascotas,Útil,De acuerdo,"No hay comunicación con el dueño de la mascota, puede ser. ",Atención al cliente ,Para poder mejorar sus recursos ,No lo sé 
2026-08-13 13:20:25.169000,0,"Sí, acepto participar.",Dueño(a) de mascota,18–25 años,Femenino,Mocache,De 2 a 5 años,3 o más,Buena,Algunas veces,Importante,Historial clínico,Útil,De acuerdo,Cuidado en animales ,Mejor trato,Mejor atención ,No
2026-08-13 20:30:16.274000,0,"Sí, acepto participar.",Dueño(a) de mascota,36–45 años,Masculino,EL EMPALME ,No aplica,3 o más,Muy mala,Frecuentemente,Importante,Comunicación con los dueños de mascotas,Muy útil,Totalmente de acuerdo,LA INFORMACIÓN HACIA LOS DUEÑOS DE MASCOTAS ,INFORMACIÓN Y ATENCION MEDIANTE CITAS O CONSULTAS ,"Aporta con información relevante acerca de posibles diagnósticosproblemas medicos con los mascotas, citas a usuarios e información a la comunidad ","Socializar con la comunidad acerca de prevención de enfermedades recurrentes, desparasitación, vacunación y tratamiento que beneficie a las mascotas para que estén saludables "
2026-08-14 15:50:26.220000,0,"Sí, acepto participar.",Dueño(a) de mascota,36–45 años,Femenino,Mocache,No aplica,2,Buena,Algunas veces,Importante,Comunicación con los dueños de mascotas,Útil,Totalmente en desacuerdo,Q no hay muchas clínicas de mascotas ,Q haya un buen inventario para mejorar ,Ningún beneficio ,No ninguno 
2026-08-15 17:35:58.263000,0,"Sí, acepto participar.",Dueño(a) de mascota,18–25 años,Femenino,El Empalme,De 2 a 5 años,2,Buena,Frecuentemente,Importante,Facturación,Neutral,Neutral,La atencion al cliente ,Que sea mas tecnologíco ,En muchos habitos con el las sugerencias a medicinas,Que sea facil de usar
2026-08-16 19:40:55.248000,0,"Sí, acepto participar.",Dueño(a) de mascota,18–25 años,Femenino,Quevedo,No aplica,2,Regular,Rara vez,Importante,Inventario de medicamentos,Muy útil,Neutral,El mal servicio hacia el cliente ,"Agenda, historial clínico e inventario",Optimización y mejor atención.,Automatización administrativa con supervisión humana.
2026-08-17 08:35:05.018000,0,"Sí, acepto participar.",Dueño(a) de mascota,26–35 años,Femenino,El Empalme,No aplica,2,Buena,Rara vez,Muy importante,Comunicación con los dueños de mascotas,Muy útil,Totalmente de acuerdo,Falta de recordatorios,Notificaciones de vacunas y tratamientos,Mayor cumplimiento de los tratamientos,Que las notificaciones lleguen a tiempo
2026-08-17 12:30:21.289000,0,"Sí, acepto participar.",Dueño(a) de mascota,18–25 años,Femenino,Mocache,De 2 a 5 años,2,Buena,Frecuentemente,Importante,Facturación,Neutral,Neutral,La atencion al cliente ,Que sea mas tecnologíco ,En muchos habitos con el las sugerencias a medicinas,Que sea facil de usar
2026-08-18 16:15:34.611000,0,"Sí, acepto participar.",Dueño(a) de mascota,18–25 años,Femenino,El Empalme,No aplica,1,Regular,Algunas veces,Importante,Comunicación con los dueños de mascotas,Muy útil,De acuerdo,Falta de información sobre tratamientos,Recordatorios de vacunas y citas,Mayor seguimiento de la mascota,Que envíe avisos fáciles de entender
2026-08-18 22:05:30.303000,0,"Sí, acepto participar.",Dueño(a) de mascota,26–35 años,Masculino,Quevedo,No aplica,1,Muy buena,Rara vez,Importante,Comunicación con los dueños de mascotas,Útil,Neutral,Dificultad para contactar a la clínica,Mensajería y consultas,Comunicación más directa,Que tenga atención clara y oportuna
2026-08-18 22:20:55.637000,0,"Sí, acepto participar.",Dueño(a) de mascota,36–45 años,Femenino,El Empalme ,No aplica,2,Buena,Algunas veces,Importante,Comunicación con los dueños de mascotas,Útil,Totalmente en desacuerdo,Q no hay muchas clínicas de mascotas ,Q haya un buen inventario para mejorar ,Ningún beneficio ,No ninguno 
2026-08-21 11:40:03.948000,0,"Sí, acepto participar.",Dueño(a) de mascota,18–25 años,Masculino,El empalme ,No aplica,1,Muy mala,Rara vez,Neutral,Historial clínico,Neutral,En desacuerdo,Buscar el historior de mi mascota ,mejor atención ,mas rapida y menos caotica ,que sea muy bien diseñado 
2026-08-21 13:45:42.780000,0,"Sí, acepto participar.",Dueño(a) de mascota,36–45 años,Femenino,Buena Fe,No aplica,2,Buena,Algunas veces,Importante,Comunicación con los dueños de mascotas,Útil,Totalmente en desacuerdo,Q no hay muchas clínicas de mascotas ,Q haya un buen inventario para mejorar ,Ningún beneficio ,No ninguno 
2026-08-21 15:05:57.748000,0,"Sí, acepto participar.",Dueño(a) de mascota,18–25 años,Masculino,Guayaquil,No aplica,2,Buena,Rara vez,Muy importante,Historial clínico,Muy útil,De acuerdo,No conocer los antecedentes de la mascota,Acceso al historial y vacunas,Mayor seguridad en la atención,Que la información esté disponible cuando se necesite
2026-08-24 14:15:10.725000,0,"Sí, acepto participar.",Dueño(a) de mascota,36–45 años,Masculino,EL EMPALME ,No aplica,3 o más,Muy mala,Frecuentemente,Importante,Comunicación con los dueños de mascotas,Muy útil,Totalmente de acuerdo,LA INFORMACIÓN HACIA LOS DUEÑOS DE MASCOTAS ,INFORMACIÓN Y ATENCION MEDIANTE CITAS O CONSULTAS ,"Aporta con información relevante acerca de posibles diagnósticosproblemas medicos con los mascotas, citas a usuarios e información a la comunidad ","Socializar con la comunidad acerca de prevención de enfermedades recurrentes, desparasitación, vacunación y tratamiento que beneficie a las mascotas para que estén saludables "
2026-08-24 18:30:39.205000,0,"Sí, acepto participar.",Dueño(a) de mascota,18–25 años,Femenino,Buena Fe,De 2 a 5 años,3 o más,Buena,Algunas veces,Importante,Historial clínico,Útil,De acuerdo,Cuidado en animales ,Mejor trato,Mejor atención ,No
2026-08-25 19:50:17.402000,0,"Sí, acepto participar.",Dueño(a) de mascota,18–25 años,Femenino,El Empalme,No aplica,1,Regular,Algunas veces,Importante,Comunicación con los dueños de mascotas,Muy útil,De acuerdo,Falta de información sobre tratamientos,Recordatorios de vacunas y citas,Mayor seguimiento de la mascota,Que envíe avisos fáciles de entender
2026-08-25 21:40:31.483000,0,"Sí, acepto participar.",Dueño(a) de mascota,18–25 años,Femenino,El empalme ,No aplica,2,Mala,Algunas veces,Neutral,Comunicación con los dueños de mascotas,Muy útil,De acuerdo,El registro de mi mascota ,Alarma que me avise de mi control de mascotas ,Mucho ,No
2026-08-26 07:40:46.711000,0,"Sí, acepto participar.",Dueño(a) de mascota,46–55 años,Femenino,El Empalme,No aplica,3 o más,Buena,Rara vez,Importante,Gestión de citas,Útil,De acuerdo,Olvido de controles,Recordatorios de controles y vacunas,Ayudar a mantener las mascotas saludables,Que sea fácil para personas que no dominan la tecnología
2026-08-28 12:00:30.911000,0,"Sí, acepto participar.",Dueño(a) de mascota,18–25 años,Masculino,El Empalme,Menos de 1 años,1,Regular,Algunas veces,Neutral,Inventario de medicamentos,Neutral,Neutral,La gente que no tienen atención al cliente adecuada ,Una interfaz bastante intuitiva ,Facilitaría varias cosas ,No
2026-08-31 08:05:18.427000,0,"Sí, acepto participar.",Dueño(a) de mascota,18–25 años,Femenino,El empalme ,No aplica,2,Mala,Algunas veces,Neutral,Comunicación con los dueños de mascotas,Muy útil,De acuerdo,El registro de mi mascota ,Alarma que me avise de mi control de mascotas ,Mucho ,No
